"sku_id","product_name","user_type","2111416","2115480","2128681","2110602","2114377","2112316","2110594","2113820","2110572","2110824","2115532","2114475","2113885","2127867","2125000","2110599","2116834","2125300","2115567","2116446","2125450","2127913","2126886","2127502","2110597","2111618","2111503","2128167","2124909","2127370","2115099","2110603","2112309","2126992","2127534","2129038","2110231","2112331","2112056","2114458","2112605","2127761","2111122","2110240","2111500","2111661","2123927","2127096","2113318","2128458","2125015","2116054","2112372","2116435","2128457","2110648","2113308","2111017","2110646","2129005","2127574","2112178","2113342","2113630","2126813","2125594","2115874","2126754","2113734","2128460","2127282","2127337","2127291","2125534","2127285","2110268","2124566","2114700","2112298","2112837","2114207","2114485","2114646","2126626","2127084","2112810","2101125","2100332","2118726","2112489","2110285","2123899","2111379","2127897","2126459","2118281","2110400","2124321","2127516","2112536","2110442","2127896","2110446","2127524","2115858","2112200","2123686","2115584","2114922","2111295","2110555","2116121","2124932","2110327","2127735","2124234","2113393","2127389","2113413","2115274","2115622","2129041","2110308","2112468","2125128","2110315","2128174","2110833","2126617","2110595","2113284","2115155","2129484","2127309","updatedDate","insertedDate"
"Nsoapc01w010101b","ALIFE LIVELY LIME SOAP 4X36X75G BUNDLE","Individual","32","32","32","31","32","32","32","32","32","32","32","32","32","31","31","32","32","32","31","31","31","","32","","31","32","","","32","","31","31","","","","32","32","32","32","32","32","32","32","32","32","32","","","","","","","","","","","","","31","","","","","","","","","32","32","32","32","35","35","35","35","35","32","32","32","32","32","32","32","","","","","","","","","","","33","33","33","32","","","33","","33","33","","32","32","32","32","","","","","","","","","","","","","","","","","","","32","32","32","32","32","32","31","","2020-08-03T03:45:18.925Z","2020-08-03T03:45:18.925Z"
"Nsoapc01w010201b","ALIFE LOVELY LILY SOAP 4X36X75G BUNDLE","Individual","32","32","32","31","32","32","31","32","32","32","32","32","32","32","32","32","32","32","32","32","32","","32","","31","32","","","32","","31","31","","","","32","32","32","32","32","32","32","32","32","32","32","31","31","31","31","31","31","31","31","31","","","","","","","","","","","","","32","32","32","32","35","35","35","35","35","32","32","32","32","","32","32","","","","","","","","","","","","","","32","","","33","","33","33","","32","32","","32","","","","","","","","","","","","","","","","","","","32","32","32","32","32","32","31","","2020-08-03T03:45:18.925Z","2020-08-03T03:45:18.925Z"
"Nsoapc01w010301b","ALIFE SOOTHING SANDAL 4X36X75G BUNDLE","Individual","32","32","32","32","32","32","31","32","32","32","32","32","32","32","31","31","32","32","32","32","32","","32","","31","32","","","32","","31","31","","","","32","32","32","32","32","32","32","32","32","32","32","31","31","31","31","31","31","31","31","31","","","","","","","","","","","","","","","","","","","","","","32","","32","32","","","","","","","","","","","","","","","","","32","","","","","","","","","32","32","","","","","","","","","","","","","","","","","","","","32","32","32","32","32","32","31","","2020-08-03T03:45:18.925Z","2020-08-03T03:45:18.925Z"
"Nsoapc01w0203b","ALIFE SOOTHING SANDAL SOAP 30X5X100G BND","Individual","","","","","","","","","","","","","","","","","","","","","","","","","","","","","","","","","","","","","","","","","","","","","","","","","","","","","","","","","","","","","","","","","","","","","","","","","","","","","","","","","","","","","","","","","","","","","","","","","","","","","","","","","","","","","52","","","","","","","","","","","","","","","","","","","","","","","","","","2020-08-03T03:45:18.925Z","2020-08-03T03:45:18.925Z"
"Fnr02hr0137p02v1","FOR SUPERFOOD BENGALI KHICHDI 60X200G","Individual","45","45","45","45","45","45","44","45","45","45","45","45","45","44","45","45","45","45","44","45","44","","45","","44","45","","","45","","44","44","","","","45","44","44","44","44","44","44","44","44","44","44","","42","","","","","","","","0","0","0","0","0","42","0","","0","0","","0","44","44","44","44","","","","","","39","","","39","","","39","","","","","","","44","44","44","44","45","45","45","44","0","0","45","48","45","45","","44","","39","","","","","","","","","","","","","","","","","","","","45","45","45","44","44","45","","39","2020-08-03T03:45:18.925Z","2020-08-03T03:45:18.925Z"
"Fnr02hr0137p02","FOR SUPERFOOD GUJARATI KHICHDI 60X200G","Individual","45","45","45","45","45","45","44","45","45","45","45","45","45","44","44","45","45","45","44","45","44","","45","","44","45","","","45","","44","44","","","","45","44","44","44","44","44","44","44","44","44","44","44","42","44","42","44","44","44","44","44","0","0","0","0","0","42","0","","0","0","","0","44","44","44","44","","","","","","39","","","39","","","39","","","","","","","44","44","44","44","45","45","45","44","0","44","45","","45","","","44","","39","","45","44","44","44","44","44","44","44","44","45","45","45","45","45","45","45","45","45","45","45","45","45","45","45","","39","2020-08-03T03:45:18.925Z","2020-08-03T03:45:18.925Z"
"Fbr02a30109p02","FOR SUPERFOOD PUNJABI KHICHDI 60X200G","Individual","45","45","45","45","45","45","44","45","45","45","45","45","45","44","44","45","45","45","44","44","44","","45","","44","45","","","45","","44","44","","","","45","44","44","44","44","44","44","44","44","44","44","44","42","44","44","44","44","44","44","44","0","0","0","0","0","42","0","","0","0","","0","44","44","44","44","","","","","","39","39","39","39","39","39","39","","","","","","","44","44","44","44","45","45","45","44","0","44","45","48","45","45","","40","","39","39","45","44","44","44","44","44","44","44","44","45","45","45","45","45","45","45","45","45","45","45","45","45","45","45","","39","2020-08-03T03:45:18.925Z","2020-08-03T03:45:18.925Z"
"Fpuls9141p07","FORTUNE ARHAR DAL POPULAR 20 X1 KG PCH","Individual","0","104","104","104","104","104","102","104","104","104","104","104","104","102","102","102","104","104","102","104","102","","104","","102","104","","","0","","102","102","","","","104","107","107","107","107","107","107","107","107","107","107","","","","","","","","","","0","0","0","0","0","0","0","","0","0","0","0","","","","","","","","","","","","","","","","","","","","","","","103","103","103","103","","","","107","0","105","","","","","","","","","","103","","","","","","","","","","","","","","","","","","104","104","104","102","102","104","102","102","2020-08-03T03:45:18.925Z","2020-08-03T03:45:18.925Z"
"Fpuls9121b07","FORTUNE ARHAR DAL UNPOLISHED 20X1KG BAG","Individual","","","","","","","106","","","","","","","106","106","106","","","106","106","106","","","","106","","","","","","106","106","","","","","111","111","111","111","111","111","111","111","111","111","","108","108","108","108","","108","108","","","","","","","","","","","","","","","","","","","","","","","","","","","","","","","","","","","","","","","","","","","111","","","","","","","","","","","","107","","","","","","","","","","","","","","","","","","","","","106","106","","","","2020-08-03T03:45:18.925Z","2020-08-03T03:45:18.925Z"
"Fnr04hr0141b08","FORTUNE BANSKATHI-4X10KG WPP BAG","Individual","","","","","","","","","","","","","","","","","","","","","","","","","","","","","","","","","","","","","","","","","","","","","","","","","","","","","","","","","","","","","","","","","","","","","","","","","","","","","","","","","","","","","","","","","","","","","","550","570","550","","","","","580","550","","","","","","","","","","","","","","","","","","","","","","","","","","","","","","","","","2020-08-03T03:45:18.925Z","2020-08-03T03:45:18.925Z"
"Fbr01hr0101p07","Fortune BirySpBR ST FG 4x5KG PP CAR","Individual","512","511","511","511","511","511","511","511","511","511","511","511","511","511","511","511","511","511","511","511","511","","511","","511","511","","","512","","511","511","","511","511","511","532","532","532","532","532","532","532","532","532","532","642","642","642","642","642","","642","642","642","","","","","","523","","","","","","","","","","","","","","","","","","","","","","","","","","","","","508","508","508","508","","","","532","","","","","","","","","","","","","","","","","","","","","","","","","","","","","","511","511","511","511","511","511","511","508","2020-08-03T03:45:18.925Z","2020-08-03T03:45:18.925Z"
"Fbr01hr0101p04","Fortune BirySpBR ST FG 20x1KG PH","Individual","","","","","","","102","","","","","","","102","102","102","","","102","102","102","","","","102","","","","","","102","","","","","","106","106","106","106","106","106","106","106","106","106","107","107","107","107","107","107","107","107","107","","","","","","105","","","","","","","","104","104","104","101","101","101","101","101","102","102","102","102","102","102","102","","","","","","","102","102","102","102","106","","106","106","","","","","106","104","","104","102","102","102","100","106","106","106","106","106","106","106","106","105","105","105","105","105","105","105","105","105","","","","","","","","102","2020-08-03T03:45:18.925Z","2020-08-03T03:45:18.925Z"
"Fbesa1021p07","FORTUNE CHANA BESAN GARGARA 20X1 KG PCH","Individual","","","","","","","73","","","","","","","73","","","","","","","73","","","","","","","","","","","73","","","","","78","78","78","78","78","78","78","78","78","78","","","","","","","","","","","","","","","73","","","","","","","","","","75","67","67","67","67","67","","78","78","","","","","","","","","","","","","","","","95","","78","","","","","","","","","","","78","","","","","","","","","","","","","","","","","","","","","","","","","73","","2020-08-03T03:45:18.925Z","2020-08-03T03:45:18.925Z"
"Fbesa1021p06","FORTUNE CHANA BESAN GARGARA 40X500g PCH","Individual","","","","","","","36","","","","","","","36","","","","","36","36","36","","","","","","","","","","36","36","","","","","39","39","39","39","39","39","39","39","39","39","","","","","","","","","","","","","","","36","","","","","","","","37","37","","35","35","35","35","35","","","39","39","","39","39","","","","","","","","","","","","47","","39","","","","47","47","47","","40","39","","39","","","","","","","","","","","","","","","","","","","","","","36","36","","36","","2020-08-03T03:45:18.925Z","2020-08-03T03:45:18.925Z"
"Fbesa1011p07","FORTUNE CHANA BESAN SF 20X1 KG PCH","Individual","","","","","","","","","","","","","","","","","","","","","","","","","","","","","","","","","","","","","","","","","","","","","","","","","73","73","73","73","73","73","73","71","0","71","73","0","71","0","","0","0","71","0","","","","","","","","","","","","","","","","","","","","","","","72","72","72","72","","","","","0","71","","","","","","","","","","70","","","","","","","","","","","","","","","","","","","","","","","","","66","2020-08-03T03:45:18.925Z","2020-08-03T03:45:18.925Z"
"Fbesa1011p06","FORTUNE CHANA BESAN SF 40X500g PCH","Individual","","","","","","","","","","","","","","","","","","","","","","","","","","","","","","","","","","","","","","","","","","","","","","","37","37","37","37","37","37","37","37","37","36","0","36","36","0","36","0","","0","0","36","0","37","","","37","","","","","","","","","","","","","","","","","","","37","37","37","37","","","","","0","36","","","","","40","","","","","36","","","","","","","","","","","","","","","","","","","","","","","","","33","2020-08-03T03:45:18.925Z","2020-08-03T03:45:18.925Z"
"Fbr08hr0121p07","FORTUNE CLASSIC BIRYANI BR - 4X5KG CAR","Individual","0","709","709","709","709","709","707","709","709","709","709","709","709","707","707","709","709","709","709","709","709","","709","","709","709","","","0","","709","709","","","","709","","","","","","","","","","","","","","","","","","","","0","0","0","0","0","0","0","","0","0","0","0","","","","","","","","","","744","744","744","744","744","744","744","","","","","","","707","707","707","707","","","","","0","711","","","","","","744","744","744","744","","","","","","","","","","","","","","","","","","","709","709","709","707","707","709","","712","2020-08-03T03:45:18.925Z","2020-08-03T03:45:18.925Z"
"Fbr08hr0121p04","FORTUNE CLASSIC BIRYANI BR - 20X1KG CAR","Individual","0","142","142","142","142","142","141","142","142","142","142","142","142","141","141","142","142","142","142","142","141","","142","","142","142","","","0","","141","141","","141","","142","146","146","146","146","146","146","146","146","146","146","","","","","","","","","","0","0","0","0","0","0","0","","0","0","0","0","150","","150","","","","","","","","","","145","","","","","","","","","","141","141","141","141","","","","146","0","142","","","","","","149","145","145","","","","","","","","","","","","","","","","","","","","142","142","142","142","142","142","","142","2020-08-03T03:45:18.925Z","2020-08-03T03:45:18.925Z"
"Fbr02du0110p04","FORTUNE DUBAR RAW RICE 20X1 KG PH BAG","Individual","","","","","","","","","","","","","","","","","","","","","","","","","","","","","","","","","","","","","80","80","80","80","80","80","80","80","80","80","","","","","","","","","","","","","","","","","","","","","","86","","","","","","","","","84","","","","","","","","","","","","","","","","","","","","80","","","","","","","","","84","","","","","","","","","","","","","","","","","","","","","","","","","","","","","2020-08-03T03:45:18.925Z","2020-08-03T03:45:18.925Z"
"Fbr01du0102p04v4","FORTUNE DUBAR ST RICE 20X1 KG PH BAG","Individual","","","","","","","","","","","","","","","","","","","","","","","","","","","","","","","","","","","","","80","80","80","80","80","80","80","80","80","80","","","","","","","","","","","","","","","","","","","","","","","","","","","","","","","","","","","","","","","","","","","","","","","","","","","80","","","","","","","100","","","","","80","","","","","","","","","","","","","","","","","","","","","","","","","","2020-08-03T03:45:18.925Z","2020-08-03T03:45:18.925Z"
"Fbr01du0102p07v2","FORTUNE EVERYDAY ROZANA STEAM 4X5KG BAG","Individual","","","","","","","","","","","","","","","","","","","","","","","","","","","","","","","","","","","","","","","","","","","","","","","","","","","","","","","","","","","","","","","","","","","","","","","","","","","","","325","325","325","325","325","325","325","","","","","","","","","","","","","","","","","","","","","","325","325","325","325","","","","","","","","","","","","","","","","","","","","","","","","","","","2020-08-03T03:45:18.925Z","2020-08-03T03:45:18.925Z"
"Fbr01du0102p04","FORTUNE EVERYDAY ROZANA STEAM","Individual","","","","","","","59","","","","","","","","59","59","","","59","","","","","","59","","","","","","","","","","","","62","62","62","62","62","62","62","62","62","62","","","","","","","","","","","","","75","","","","","","","","","","","","","","","","","","68","68","68","68","68","68","68","","","","","","","60","60","60","60","","","","62","","","","","","","","","","","68","57","","","","","","","","","","","","","","","","","","","","","","","","59","","2020-08-03T03:45:18.925Z","2020-08-03T03:45:18.925Z"
"Fbr01du0102p04v2","FORTUNE EVERYDAY ROZANA STEAM 20X1KG BAG","Individual","","","","","","","","","","","","","","","","","","","","","","","","","","","","","","","","","","","","","","","","","","","","","","","","","","","","","","","","","","","","","","","","","","","","","","","","61","61","61","61","61","","","","","","","","","","","","","","","","","","","","","","","","","","","","","","","","","","","","","","","","","","","","","","","","","","","","","","","","","","","2020-08-03T03:45:18.925Z","2020-08-03T03:45:18.925Z"
"Fbr01hr0102p04","Fortune EverydayBR ST FG 20x1KG PH","Individual","0","70","70","70","70","70","72","70","70","70","70","70","70","72","72","72","70","70","72","72","72","","70","","72","70","","","0","","72","72","","72","72","70","72","72","72","72","72","72","72","72","72","72","74","76","76","76","76","76","76","76","76","","","","","","","","","","","","","75","75","75","75","76","76","76","76","76","76","76","76","76","76","76","76","","","","","","","75","75","75","75","76","74","76","72","","","","","76","73","","76","76","76","76","72","74","74","74","74","74","74","74","74","73","73","73","73","73","73","73","73","73","70","70","70","70","70","70","72","71","2020-08-03T03:45:18.925Z","2020-08-03T03:45:18.925Z"
"Fbr01du0102p07","Fortune EverydayBRICE ST DU 4x5KG PP BAG","Individual","","","","","","","","","","","","","","","","","","","","","","","","","","","","","","","","","","","","","","","","","","","","","","","","","","","","","","","","","","","","","","","","","","","","","","","","","","","","","","","","","","","","","","","","","","298","298","298","298","","","","","","","","","","","","","","","","287","","","","","","","","","","","","","","","","","","","","","","","","","","2020-08-03T03:45:18.925Z","2020-08-03T03:45:18.925Z"
"Fbr01hr0102b07","Fortune EverydayBR ST FG 4x5KG PP Bag","Individual","0","345","345","345","345","345","353","345","345","345","345","345","345","353","353","353","345","345","353","353","353","","345","","353","345","","","0","","353","353","","353","353","345","356","356","356","356","356","356","356","356","356","356","","","","","","","","","","","","","","","","","","","","","","","","","","","","","","","","","","","","","","","","","","","","370","370","370","370","","","","356","","","","","","","","","","","","355","","","","","","","","","","","","","","","","","","345","345","345","345","345","345","","353","2020-08-03T03:45:18.925Z","2020-08-03T03:45:18.925Z"
"Eblen75j07","FORTUNE GN ACTIV 4 X 5 LT JAR","Individual","","","","","","","","","","","","","","","","","","","","","","","","","","","","","","","","","","","","","","","","","","","","","","","","","","","","","","","","","","","","","","","","","","","","","","","","","","","","","","","","","","","","","","","","","","684","684","684","684","","","","","","","","","","","700","","","","","684","","","","","","","","","","","","","","","","","","","","","","","","","697","2020-08-03T03:45:18.925Z","2020-08-03T03:45:18.925Z"
"Eblen75p03","FORTUNE GN ACTIV 12 X 1 LT PCH","Individual","","","","","","","","","","","","","","","","","","","","","","","","","","","","","","","","","","","","","","","","","","","","","","","130","130","130","130","130","130","130","130","130","","","","134","","134","","","","","","","","","","","","","","","","","","","","","","","","","","","","","132","132","132","132","","","","","","","","","","","","","","","","131","130","130","130","130","130","130","130","130","136","136","136","136","136","136","136","136","136","","","","","","","","134","2020-08-03T03:45:18.925Z","2020-08-03T03:45:18.925Z"
"Fbr06hr0104p04","FORTUNE HAMESHA BRICE BL BN 20X1 KG BAG","Individual","","","","","","","","","","","","","","","","","","","","","","","","","","","","","","","","","","","","","","","","","","","","","","","","","","","","","","","","","","","","","","","","","","","","","","","","","","","","","","","","","","","","","","","","","","","","","","","","","","","","","","","","75","","","","","","","","","","","","","","","","","","","","","","","","","","","","","","","2020-08-03T03:45:18.925Z","2020-08-03T03:45:18.925Z"
"Ekgmo01j07","FORTUNE KGMO 4 X 5 LT JAR","Individual","608","637","637","637","637","642","637","637","642","637","637","642","637","642","637","637","642","642","642","642","637","","642","","637","637","","","608","","642","642","","","","642","628","628","628","628","628","628","628","628","628","628","732","732","732","732","732","732","732","732","732","734","","","734","","","734","734","734","734","","734","","","","","580","580","619","580","580","","","","","","","","","","","","","","710","710","710","710","","","","628","733","0","661","","","661","690","","","","","","","","","","","","","","","","","","","","","","","642","642","642","637","637","642","","","2020-08-03T03:45:18.925Z","2020-08-03T03:45:18.925Z"
"Ekgmo01j05","FORTUNE KGMO 8 X 2 LT JAR","Individual","0","259","259","259","259","261","259","259","261","259","259","261","259","261","259","259","261","261","261","261","259","","261","","259","259","","","0","","261","261","","","","261","195","195","195","195","195","195","195","195","195","195","","","","","","","","","","","","","","","","","","","","","","","","","","","","","","","","","","","","","","","","","","","","288","288","288","288","","","","195","","","","","","","","","","","","281","","","","","","","","","","","","","","","","","","261","261","261","259","259","261","","","2020-08-03T03:45:18.925Z","2020-08-03T03:45:18.925Z"
"Ekgmo01e03","FORTUNE KGMO 12 X 1 LT PET","Individual","121","126","126","126","126","127","126","126","127","126","126","127","126","127","126","126","127","127","127","127","126","","127","","126","126","","","121","","127","127","","","","127","125","125","125","125","125","125","125","125","125","125","146","146","146","146","146","146","146","146","146","146","","","146","","","146","146","146","146","","146","","","137","","","","122","","","","","","","","","","","","","","","","141","141","141","141","","","","125","146","0","","","","","","","","","","","140","140","140","140","140","140","140","140","148","148","148","148","148","148","148","148","148","127","127","127","126","126","127","","","2020-08-03T03:45:18.925Z","2020-08-03T03:45:18.925Z"
"Ekgmo01e03v2","FORTUNE KGMO 12 X 1 LT PET (PHHR)","Individual","","","","","","","","","","","","","","","","","","","","","","","","","","","","","","","","","","","","","","","","","","","","","","","","","","","","","","","","","","","","","","","","","","","","","","","","115","115","115","115","115","","","","","","","","","","","","","","","","","","","","","","","","","","","","","","","","","","","","","","","","","","","","","","","","","","","","","","","","","","","2020-08-03T03:45:18.925Z","2020-08-03T03:45:18.925Z"
"Ekgmo01j08","FORTUNE KGMO 15 LT JAR","Individual","","","","","","","","","","","","","","","","","","","","","","","","","","","","","","","","","","","","","1557","1557","1557","1557","1557","1557","1557","1557","1557","1557","","","","","","","","","","","","","","","","","","","","","","","","","","","","","","","","","","","","","","","","","","","","","","","","","","","1557","","","","","","","","","","","","","","","","","","","","","","","","","","","","","","","","","","","","","","2020-08-03T03:45:18.925Z","2020-08-03T03:45:18.925Z"
"Ekgmo01p03v1","FORTUNE KGMO 15 X 1 LT PCH","Individual","","","","","","","","","","","","","","","","","","","","","","","","","","","","","","","","","","","","","","","","","","","","","","","","","","","","","","","","141","141","141","141","141","141","141","","141","141","141","141","","","","","","","","","","","","","","","","","","","","","","","","","","","","","","","141","0","","","","","","","","","","","","","","","","","","","","","","","","","","","","","","","","","","","","2020-08-03T03:45:18.925Z","2020-08-03T03:45:18.925Z"
"Ekgmo01p03v2","FORTUNE KGMO 16 X 1 LT PCH","Individual","","","","","","","","","","","","","","","","","","","","","","","","","","","","","","","","","","","","","121","121","121","121","121","121","121","121","121","121","","","","","","","","","","","","","","","","","","","","","","","","","","112","112","112","112","112","","","","","","","","","","","","","","138","138","138","138","127","127","127","121","","","127","128","","127","","","","","","133","","","","","","","","","","","","","","","","","","","","","","","","","","2020-08-03T03:45:18.925Z","2020-08-03T03:45:18.925Z"
"Ekgmo01e02","FORTUNE KGMO 24 X 500 ML PET","Individual","0","65","65","65","65","65","65","65","65","65","65","65","65","","65","65","65","65","","","65","","65","","65","65","","","0","","","","","","","65","65","65","65","65","65","65","65","65","65","65","75","75","75","75","75","75","75","75","75","74","","","74","","","74","74","74","74","","74","70","","","","","","63","","","","","","","","","","","","","","","","72","72","72","72","","","","65","75","0","","","","","70","","","","","","","","","","","","","","","","","","","","","","","65","65","65","65","65","65","","","2020-08-03T03:45:18.925Z","2020-08-03T03:45:18.925Z"
"Ekgmo01e01","FORTUNE KGMO 60 X 200 ML PET","Individual","0","28","28","28","28","28","28","28","28","28","28","28","28","28","28","28","28","28","28","28","28","","28","","28","28","","","0","","28","28","","","","28","27","27","27","27","27","27","27","27","27","27","32","32","0","32","32","32","32","32","32","","","","31","","","","","","","","","","","","","","","","","","","","","","","","","","","","","","","31","31","31","31","","","","27","31","0","29","","","29","28","","","","","","30","30","30","30","30","30","30","30","32","32","32","32","32","32","32","32","32","28","28","28","28","28","28","","","2020-08-03T03:45:18.925Z","2020-08-03T03:45:18.925Z"
"Fmaid10201p06","FORTUNE MAIDA 20X500G W1","Individual","0","22","22","22","22","22","22","22","22","22","22","22","22","22","22","22","22","22","22","22","22","","22","","22","22","","","0","","22","22","","22","","22","23","23","23","23","23","23","23","23","23","23","19","19","19","19","19","19","19","19","19","","","","19","","19","","","","","","","","","","","","","","","","","","","22","","22","22","","","","","","","22","22","22","22","","","","23","","","","","","","","","","22","22","22","","","","","","","","","","","","","","","","","","22","22","22","22","22","22","22","20","2020-08-03T03:45:18.925Z","2020-08-03T03:45:18.925Z"
"Fpuls7141p07","FORTUNE MASOOR CHHANTI 10x1 KG PCH","Individual","","","","","","","","","","","","","","","","","","","","","","","","","","","","","","","","","","","","","","","","","","","","","","","","","","","","","","","","","","","","","","","","","","","","","","","","","","","","","","","","","","","","","","","","","","","","","","","","","","","","79","","79","0","","","","","","","","","","","","","","","","","","","","","","","","","","","","","","","","2020-08-03T03:45:18.925Z","2020-08-03T03:45:18.925Z"
"Fpuls7141p06","FORTUNE MASOOR CHHANTI 20X500 GRM PCH","Individual","","","","","","","","","","","","","","","","","","","","","","","","","","","","","","","","","","","","","","","","","","","","","","","","","","","","","","","","","","","","","","","","","","","","","","","","","","","","","","","","","","","","","","","","","","","","","","","","","","","","40","42","","0","","","","","","","","","","","","","","","","","","","","","","","","","","","","","","","","2020-08-03T03:45:18.925Z","2020-08-03T03:45:18.925Z"
"Fbr01mm0102b07","FORTUNE MM BASMATI RICE - 4X5KG","Individual","216","198","198","198","198","198","194","198","198","198","198","198","198","194","194","194","198","198","194","194","194","","198","","194","198","","","216","","198","194","","194","","198","","","","","","","","","","","212","212","212","212","212","212","212","212","212","","","","","","","","","","","","","","","","","41","41","41","41","41","","","","","","","","","","","","","","","","","","","","","","","","","","","","250","","","","","","220","220","220","220","220","220","220","220","0","0","0","0","0","0","0","0","0","198","198","198","198","198","198","194","39","2020-08-03T03:45:18.925Z","2020-08-03T03:45:18.925Z"
"Fbr01m20102b07","FORTUNE MM II II BASMATI RICE - 4X5KG","Individual","0","147","147","147","147","147","147","147","147","147","147","147","147","147","150","150","147","147","150","150","147","","147","","150","147","","","0","","147","150","","","150","147","","","","","","","","","","","","","","","","","","","","","","","","","","","","","","","","","","","","31","31","31","31","31","","","","","","","","","","","","","","","","","","","","","","","","","","","","","","","","","","","","","","","","","","","","","","","","","","","147","147","147","147","147","147","150","29","2020-08-03T03:45:18.925Z","2020-08-03T03:45:18.925Z"
"Fbr01mo0102b07","FORTUNE MOGRA BASMATI RICE - 4X5KG","Individual","0","214","214","214","214","214","216","214","214","214","214","214","214","216","216","216","214","214","216","216","216","","214","","216","214","","","0","","216","216","","216","216","214","239","239","239","239","239","239","239","239","239","239","234","234","234","234","234","234","234","234","234","","","","","","","","","","","","","","","","","45","45","45","45","45","","","","","","","","","","","","","","220","220","220","220","","","","239","","","","","","","","","","","","","240","240","240","240","240","240","240","240","227","227","227","227","227","227","227","227","227","214","214","214","214","214","214","216","43","2020-08-03T03:45:18.925Z","2020-08-03T03:45:18.925Z"
"Epgno01j07","FORTUNE PURE GN OIL 4 X 5 LT JAR","Individual","0","0","0","0","0","0","0","0","0","0","0","0","0","0","0","0","0","0","0","0","0","","0","","0","0","","","0","","0","0","","","","0","","","","","","","","","","","","","","","","","","","","","","","","","","","","","","","","","","","","","","","","","","","","","","","","","","","","","","770","770","770","770","","","","","","","","","","","","","","","","825","","","","","","","","","","","","","","","","","","0","0","0","0","0","0","","","2020-08-03T03:45:18.925Z","2020-08-03T03:45:18.925Z"
"Epgno01p03","FORTUNE PURE GN OIL 12 X 1 LT PCH","Individual","0","0","0","0","0","0","0","0","0","0","0","0","0","0","0","0","0","0","0","0","0","","0","","0","0","","","0","","0","0","","","","0","","","","","","","","","","","116","116","116","116","116","116","","","116","0","0","0","0","0","0","163","","163","163","0","0","","","","","","","","","","","","","","","","","","","","","","","154","154","154","154","","","","","0","0","","","","","","","","","","160","","","","","","","","","","","","","","","","","","0","0","0","0","0","0","","","2020-08-03T03:45:18.925Z","2020-08-03T03:45:18.925Z"
"Edfmo01e03","FORTUNE PURE MUSTARD OIL 12 X 1 LT PET","Individual","","","","","","","","","","","","","","","","","","","125","125","","","","","","","","","","","","","","","","","","","","","","","","","","","","","","","","","","","","","","","","","","","","","","","","135","135","135","135","","","119","","","136","136","136","136","136","136","136","","","","","","","","","","","","","","","","","","","","","","135","136","136","136","","","","","","","","","","","","","","","","","","","","","","","","","","","2020-08-03T03:45:18.925Z","2020-08-03T03:45:18.925Z"
"Edfmo01e02","FORTUNE PURE MUSTARD OIL 24 X 500 ML PET","Individual","","","","","","","","","","","","","","","","","","","","","","","","","","","","","","","","","","","","","","","","","","","","","","","","","","","","","","","","","","","","","80","","","","","","","69","69","69","69","","","","","","70","70","70","70","70","70","70","","","","","","","","","","","","","","","","","","","","","","67","70","70","70","","","","","","","","","","","","","","","","","","","","","","","","","","","2020-08-03T03:45:18.925Z","2020-08-03T03:45:18.925Z"
"Edfmo01e01","FORTUNE PURE MUSTARD OIL 60 X 200 ML PET","Individual","","","","","","","","","","","","","","","","","","","","","","","","","","","","","","","","","","","","","","","","","","","","","","","","","","","","","","","","","","","","","33","","","","","","","","","","29","","","","","","29","29","29","29","29","29","29","","","","","","","","","","","","","","","","","","","","","","29","29","29","29","","","","","","","","","","","","","","","","","","","","","","","","","","","2020-08-03T03:45:18.925Z","2020-08-03T03:45:18.925Z"
"Frawa12211p06","FORTUNE RAWA 20X500G W1","Individual","0","0","0","0","0","0","0","0","0","0","0","0","0","0","0","0","0","0","0","0","0","","0","","0","0","","","0","","0","0","","","","0","","","","","","","","","","","20","20","20","20","20","20","20","20","20","","","","","","19","","","","","","","24","24","24","24","","","","","","","","22","22","","","22","","","","","","","23","23","23","23","","","","","","","","","","","25","","","22","22","","","","","","","","","","","","","","","","","","","0","0","0","0","0","0","","","2020-08-03T03:45:18.925Z","2020-08-03T03:45:18.925Z"
"Ercso01j07","FORTUNE REF COTTON OIL 4 X 5 LT JAR","Individual","0","0","0","0","0","0","0","0","0","0","0","0","0","0","0","0","0","0","0","0","0","","0","","0","0","","","0","","0","0","","","","0","","","","","","","","","","","","","","","","","","","","502","","","","","502","502","502","502","502","","502","","","","","","","","","","","","","","","","","","","","","","","473","473","473","473","","","","","518","0","","","","","","","","","","490","","","","","","","","","","","","","","","","","","0","0","0","0","0","0","","","2020-08-03T03:45:18.925Z","2020-08-03T03:45:18.925Z"
"Ercso01p03","FORTUNE REF COTTON OIL 12 X 1 LT PCH","Individual","100","0","0","0","0","0","0","0","0","0","0","0","0","0","0","0","0","0","0","0","0","","0","","0","0","","","100","","0","0","","","","0","","","","","","","","","","","","","","","","","","","","95","","","95","95","95","95","95","95","95","","95","","","","","","","","","","","","","","","","","","","","","","","95","95","95","95","","","","","99","0","","","","","","","","","","94","","","","","","","","","","","","","","","","","","0","0","0","0","0","0","","","2020-08-03T03:45:18.925Z","2020-08-03T03:45:18.925Z"
"Ercso01e03","FORTUNE REF COTTON OIL 12 X 1 LT PET","Individual","0","0","0","0","0","0","0","0","0","0","0","0","0","0","0","0","0","0","0","0","0","","0","","0","0","","","0","","0","0","","","","0","","","","","","","","","","","","","","","","","","","","","","","","","","","","","","","","","","","","","","","","","","","","","","","","","","","","","","98","98","98","98","","","","","","","","","","","","","","","","97","","","","","","","","","","","","","","","","","","0","0","0","0","0","0","","","2020-08-03T03:45:18.925Z","2020-08-03T03:45:18.925Z"
"Ercso01j08","FORTUNE REF COTTON OIL 15 LT JAR","Individual","","","","","","","","","","","","","","","","","","","","","","","","","","","","","","","","","","","","","","","","","","","","","","","","","","","","","","","","1501","","","","","","1501","1501","1501","1501","","1501","","","","","","","","","","","","","","","","","","","","","","","","","","","","","","","1544","0","","","","","","","","","","","","","","","","","","","","","","","","","","","","","","","","","","","","2020-08-03T03:45:18.925Z","2020-08-03T03:45:18.925Z"
"Ergno01j07","FORTUNE REF GN OIL 4 X 5 LT JAR","Individual","","","","","","","","","","","","","","","","","","","","","","","","","","","","","","","","","","","","","770","770","770","770","770","770","770","770","770","770","","","","","","","","","","","","","","","","","","","","","","","","","","","","","","","","","","","","","","","","","","","","","","","","","","","770","","","","","","","","","","","","","","","","","","","","","","","","","","","","","","","","","","","","","805","2020-08-03T03:45:18.925Z","2020-08-03T03:45:18.925Z"
"Ergno01p03","FORTUNE REF GN OIL 12 X 1 LT PCH","Individual","","","","","","","","","","","","","","","","","","","","","","","","","","","","","","","","","","","","","149","149","149","149","149","149","149","149","149","149","","","","","","","","","","163","","","","","","163","163","163","163","","163","","","","","","","","","","","","","","","","","","","","","","","","","","","","","","149","","","","","","","","","","","","","","","","","","","","","","","","","","","","","","","","","","","","","158","2020-08-03T03:45:18.925Z","2020-08-03T03:45:18.925Z"
"Ergno01e03","FORTUNE REF GN OIL 12 X 1 LT PET","Individual","","","","","","","","","","","","","","","","","","","","","","","","","","","","","","","","","","","","","152","152","152","152","152","152","152","152","152","152","","","","","","","","","","","","","","","","","","","","","","","","","","","","","","","","","","","","","","","","","","","","","","","","","","","152","","","","","","","","","","","","","","","","","","","","","","","","","","","","","","","","","","","","","161","2020-08-03T03:45:18.925Z","2020-08-03T03:45:18.925Z"
"Ergno01j08","FORTUNE REF GN OIL 15 LT JAR","Individual","","","","","","","","","","","","","","","","","","","","","","","","","","","","","","","","","","","","","2287","2287","2287","2287","2287","2287","2287","2287","2287","2287","","","","","","","","","","","","","","","","","","","","","","","","","","","","","","","","","","","","","","","","","","","","","","","","","","","2287","","","","","","","","","","","","","","","","","","","","","","","","","","","","","","","","","","","","","2354","2020-08-03T03:45:18.925Z","2020-08-03T03:45:18.925Z"
"Errbo01j07v2","FORTUNE REF RB OIL 4X5 L JAR+PCH NEW MRP","Individual","","","","","","","","","","","","","","","","","","","","","","","","","","","","","","","","","","","","","","","","","","","","","","","","","","","","","","","","623","0","623","623","0","623","0","","0","0","0","0","","","","","","","","","","","","","","","","","","","","","","","","","","","","","","","0","623","","","","","","","","","","","","","","","","","","","","","","","","","","","","","","","","","","","","2020-08-03T03:45:18.925Z","2020-08-03T03:45:18.925Z"
"Errbo01j07","FORTUNE REF RICE BRAN OIL 4 X 5 LT JAR","Individual","","","","","","","646","","","","","","","646","","","","","646","646","646","","","","","","","","","","646","646","","646","","","635","635","635","635","635","635","635","635","635","635","619","619","619","619","619","619","619","619","619","","","","606","","606","","","","","","","569","569","569","569","","","","","","623","623","","623","623","623","623","","","","","","","635","635","635","635","","","","635","","","","","","","720","635","623","623","623","610","590","590","590","590","590","590","590","590","617","617","617","617","617","617","617","617","617","","","","","","","646","646","2020-08-03T03:45:18.925Z","2020-08-03T03:45:18.925Z"
"Errbo01p03","FORTUNE REF RICE BRAN OIL 12 X 1 LT PCH","Individual","113","122","122","122","122","122","125","122","122","122","122","122","122","125","122","122","122","122","125","125","125","","122","","122","122","","","113","","125","125","","125","125","122","122","122","122","122","122","122","122","122","122","122","119","119","119","119","119","119","119","119","119","","","","","0","117","0","","0","0","","0","109","109","109","109","","","","","","120","120","120","120","120","120","120","","","","","","","119","119","119","119","","","","122","0","120","","","","","","122","120","120","120","118","118","118","118","118","118","118","118","118","119","119","119","119","119","119","119","119","119","122","122","122","122","122","122","125","124","2020-08-03T03:45:18.925Z","2020-08-03T03:45:18.925Z"
"Errbo01p03v1","FORTUNE REF RICE BRAN OIL 12X1L PH-LM","Individual","","","","","","","","","","","","","","","","","","","","","","","","","","","","","","","","","","","","","","","","","","","","","","","","","","","","","","","","","","","","","","","","","","","","109","109","109","109","","","","","","","","","","","","","","","","","","","","","","","107","107","107","","","","","108","107","107","","","","","","","","","","","","","","","","","","","","","","","","","","","","","","","","2020-08-03T03:45:18.925Z","2020-08-03T03:45:18.925Z"
"Errbo01j08","FORTUNE REF RICE BRAN OIL 15 LT JAR","Individual","0","0","0","0","0","0","0","0","0","0","0","0","0","0","0","0","0","0","0","0","0","","0","","0","0","","","0","","0","0","","","","0","","","","","","","","","","","","","","","","","","","","","","","1750","0","1750","0","","0","0","1800","0","","","","","","","","","","","","","","","","","","","","","","","","","","","","","","","0","1800","","","","","1720","","","","","","","","","","","","","","","","","","","","","","","0","0","0","0","0","0","","1799","2020-08-03T03:45:18.925Z","2020-08-03T03:45:18.925Z"
"Ersfo01j07","FORTUNE REF SF OIL 4 X 5 LT JAR","Individual","612","617","617","617","617","617","617","617","617","617","617","617","617","617","617","617","617","617","617","617","617","","617","","617","617","","","612","","617","617","","","","617","619","619","619","619","619","619","619","619","619","619","483","483","483","483","483","483","0","483","483","597","597","597","597","597","597","597","","597","597","597","597","545","545","545","545","605","605","621","605","605","538","538","538","538","538","538","","","","","","","","581","581","581","581","","","","619","597","0","661","","","","620","","538","538","538","575","575","575","575","575","575","575","575","575","619","619","619","619","619","619","619","619","619","617","617","617","617","617","617","","","2020-08-03T03:45:18.925Z","2020-08-03T03:45:18.925Z"
"Ersfo01j07v7","FORTUNE REF SF OIL 4 X 5 LT JAR-KANNAD","Individual","","","","","","","","","","","","","","","","","","","","","","","","","","","","","","","","","","","","","","","","","","","","","","","","","","","","","","","","","","","","","","","","","","","","","","","","","","","","","548","548","548","548","548","548","548","","","","","","","","","","","","","","","","","","","","","","548","548","548","548","","","","","","","","","","","","","","","","","","","","","","","","","","","2020-08-03T03:45:18.925Z","2020-08-03T03:45:18.925Z"
"Ersfo01p03v8","FORTUNE REF SF OIL 10X1LT PCH-KANNAD","Individual","","","","","","","","","","","","","","","","","","","","","","","","","","","","","","","","","","","","","","","","","","","","","","","","","","","","","","","","","","","","","","","","","","","","","","","","","","","","","108","108","108","108","108","108","108","","","","","","","","","","","","","","","","","","","","","","108","108","108","108","","","","","","","","","","","","","","","","","","","","","","","","","","","2020-08-03T03:45:18.925Z","2020-08-03T03:45:18.925Z"
"Ersfo01e03","FORTUNE REF SF OIL 12 X 1 LT PET","Individual","0","121","121","121","121","121","121","121","121","121","121","121","121","121","121","121","121","121","121","121","121","","121","","121","121","","","0","","121","121","","","","121","","","","","","","","","","","116","116","116","116","116","116","116","116","116","","","","","","","","","","","","","","109","","","","","","","","110","","110","110","110","","110","","","","","","","118","118","118","118","","","","","","","","","","","","112","","110","110","","","","","","","","","","","","","","","","","","","121","121","121","121","121","121","","","2020-08-03T03:45:18.925Z","2020-08-03T03:45:18.925Z"
"Ersfo01j08","FORTUNE REF SF OIL 15 LT JAR","Individual","0","1749","1749","1739","1739","1749","1739","1739","1749","1739","1749","1749","1739","1749","1739","1739","1749","1749","1749","1749","1749","","1749","","1739","1739","","","0","","1739","1739","","","","1749","1749","1749","1749","1749","1749","1749","1749","1749","1749","1749","1706","1706","1706","1706","1706","1706","1706","1706","1706","1701","","","1701","","1701","1701","1701","1701","1701","","1701","","","1679","","","","1717","","","","","","","","","","","","","","","","1642","1642","1642","1642","","1782","","1749","1706","0","","","","","","","","1693","","1570","1580","1580","1580","1580","1580","1580","1580","1580","1749","1749","1749","1749","1749","1749","1749","1749","1749","1749","1749","1749","1739","1749","1749","","","2020-08-03T03:45:18.925Z","2020-08-03T03:45:18.925Z"
"Ersfo01t08","FORTUNE REF SF OIL 15 LT TIN","Individual","0","0","0","0","0","0","0","0","0","0","0","0","0","0","0","0","0","0","0","0","0","","0","","0","0","","","0","","0","0","","","","0","","","","","","","","","","","","","","","","","","","","","","","","","","","","","","","","","","","","","","","","","","","","","","","","","","","","","","","","","","","","","","","","","","","","","","","","","1570","","","","","","","","","","","","","","","","","","0","0","0","0","0","0","","","2020-08-03T03:45:18.925Z","2020-08-03T03:45:18.925Z"
"Ersfo01p03v2","FORTUNE REF SF OIL 16 X 1 LT PCH","Individual","","","","","","","","","","","","","","","","","","","","","","","","","","","","","","","","","","","","","117","117","117","117","117","117","117","117","117","117","112","112","112","112","112","112","112","112","112","114","114","114","114","114","114","114","","114","114","114","114","","","","","115","115","115","115","115","","","","","","","","","","","","","","114","114","114","114","118","118","","117","114","0","118","118","118","118","125","","","","","113","112","112","112","112","112","112","112","112","117","117","117","117","117","117","117","117","117","","","","","","","","","2020-08-03T03:45:18.925Z","2020-08-03T03:45:18.925Z"
"Ersfo01p02","FORTUNE REF SF OIL 24 X 500 ML PCH","Individual","","","","","","","","","","","","","","","","","","","","","","","","","","","","","","","","","","","","","","","","","","","","","","","","","","","","","","","","","","","","","","","","","","","","","","","","","","","","","54","54","54","","","54","54","","","","","","","","","","","","","","","","","","","","","","55","54","54","54","","","","","","","","","","","","","","","","","","","","","","","","","","","2020-08-03T03:45:18.925Z","2020-08-03T03:45:18.925Z"
"Ersfo01e02","FORTUNE REF SF OIL 24 X 500 ML PET","Individual","0","0","0","0","0","0","0","0","0","0","0","0","0","0","0","0","0","0","0","0","0","","0","","0","0","","","0","","0","0","","","","0","","","","","","","","","","","","","","","","","","","","","","","","","","","","","","","","","","","","","","","","","","","","","","","","","","","","","","60","60","60","60","","","","","","","","","","","","","","","","59","","","","","","","","","","","","","","","","","","0","0","0","0","0","0","","","2020-08-03T03:45:18.925Z","2020-08-03T03:45:18.925Z"
"Ersbo01j07","FORTUNE REF SOYA OIL 4 X 5 LT JAR","Individual","562","552","552","552","552","559","552","552","559","552","552","559","552","559","552","552","559","559","552","552","552","","559","","552","552","","","562","","552","552","","","","559","562","562","562","562","562","562","562","562","562","562","520","520","520","520","520","520","520","520","520","514","","","514","","514","514","514","514","514","","514","","","","","561","561","553","561","561","","","","","","","","","","","","","","1549","1549","1549","1549","","571","","562","553","0","623","555","","","","","","","","545","520","520","520","520","520","520","520","520","542","542","542","542","542","542","542","542","542","559","559","559","552","552","559","","","2020-08-03T03:45:18.925Z","2020-08-03T03:45:18.925Z"
"Ersbo01j05","FORTUNE REF SOYA OIL 8 X 2 LT JAR","Individual","","","","","","","","","","","","","","","","","","","","","","","","","","","","","","","","","","","","","233","233","233","233","233","233","233","233","233","233","","","","","","","","","","","","","","","","","","","","","","","","","","","","","","","","","","","","","","","","","","","","","","","","","","","233","","","","","","","","","","","","","","","","","","","","","","","","","","","","","","","","","","","","","","2020-08-03T03:45:18.925Z","2020-08-03T03:45:18.925Z"
"Ersbo01e03","FORTUNE REF SOYA OIL 12 X 1 LT PET","Individual","0","109","109","109","109","109","109","109","109","109","109","109","109","109","109","109","109","109","109","109","109","","109","","109","109","","","0","","109","109","","","","109","110","110","110","110","110","110","110","110","110","110","99","99","99","99","99","99","","99","99","","","","","","","","","","","","","","","","","","","","","","","","","","","","","","","","","","","107","107","107","107","","107","107","107","","","111","111","","","","","","","","","","","","","","","","","","","","","","","","","","109","109","109","109","109","109","","","2020-08-03T03:45:18.925Z","2020-08-03T03:45:18.925Z"
"Ersbo01j08","FORTUNE REF SOYA OIL 15 LT JAR","Individual","0","1560","1560","1575","1575","1560","1575","1575","1560","1575","1575","1560","1575","1560","1575","1575","1560","1560","1575","1575","1560","","1560","","1575","1575","","","0","","1575","1575","","","","1560","","","","","","","","","","","","","","","","","","","","","","","","","1674","","","","","","","","","","","1470","1470","1575","1470","1470","","","","","","","","","","","","","","1528","1528","1528","1528","","","","","","","","","","","","","","","","","","","","","","","","","","","","","","","","","","1560","1560","1560","1560","1560","1560","","","2020-08-03T03:45:18.925Z","2020-08-03T03:45:18.925Z"
"Ersbo01p03v2","FORTUNE REF SOYA OIL 16 X 1 LT PCH","Individual","","","","","","","","","","","","","","","","","","","","","","","","","","","","","","","","","","","","","106","106","106","106","106","106","106","106","106","106","100","100","100","100","100","100","100","100","100","105","105","105","105","105","105","105","","105","105","105","105","","","","","105","105","105","105","105","107","107","107","107","107","107","107","","","","","","","104","104","104","104","107","108","107","106","105","0","107","108","107","108","110","107","107","107","107","102","100","100","100","100","100","100","100","100","102","102","102","102","102","102","102","102","102","","","","","","","","","2020-08-03T03:45:18.925Z","2020-08-03T03:45:18.925Z"
"Ersbo01e02","FORTUNE REF SOYA OIL 24 X 500 ML PET","Individual","0","56","56","55","55","56","56","56","56","56","56","56","56","56","56","56","56","56","56","56","56","","56","","56","56","","","0","","56","56","","","","56","56","56","56","56","56","56","56","56","56","56","51","51","51","51","51","51","51","51","51","","","","","","","","","","","","","","","","","","","","","","","","","","","","","","","","","","","","","","","","57","63","56","","","63","58","","","","","","","","","","","","","","","","","","","","","","","","","","56","56","56","56","56","56","","","2020-08-03T03:45:18.925Z","2020-08-03T03:45:18.925Z"
"Fatta5091b10cup","FORTUNE REGULAR CHAKKI ATTA 3X10KG CUP","Individual","","","","","","","","","","","","","","","","","","","","","","","","","","","","","","","","","","","","","333","333","333","333","333","333","333","333","333","333","","","","","","","","","","","","","","","","","","","","","","","","","","315","315","315","315","315","","","","","","","","","","","","","","","","","","","","","333","","","","","","","","","","","","","","","","","","","","","","","","","","","","","","","","","","","","","","2020-08-03T03:45:18.925Z","2020-08-03T03:45:18.925Z"
"Fatta5091b10w1","FORTUNE REGULAR CHAKKI ATTA 3X10KG W1","Individual","","","","","","","","","","","","","","","","","","","","","","","","","","","","","","","","","","","","","","","","","","","","","","","","","","","","","","","","338","0","338","338","0","338","0","","0","0","338","0","381","381","381","381","","","","","","381","381","381","381","381","381","381","","","","","","","","","","","","","","","0","338","","","","","","381","381","381","381","","","","","","","","","","","","","","","","","","","","","","","","","","","2020-08-03T03:45:18.925Z","2020-08-03T03:45:18.925Z"
"Fatta5091b10n1n","FORTUNE REGULAR CHAKKI ATTA 3X10KGN1N","Individual","","","","","","","","","","","","","","","","","","","","","","","","","","","","","","","","","","","","","","","","","","","","","","","","","","","","","","","","","","","","","","","","","","","","","","","","","","","","","","","","","","","","","","","","","","","","","","","","","","","","","","","","360","","","","","","","","","","","","","","","","","","","","","","","","","","","","","","","2020-08-03T03:45:18.925Z","2020-08-03T03:45:18.925Z"
"Fatta5091p09cup","FORTUNE REGULAR CHAKKI ATTA 6X5KG CUP","Individual","","","","","","","","","","","","","","","","","","","","","","","","","","","","","","","","","","","","","169","169","169","169","169","169","169","169","169","169","","","","","","","","","","","","","","","","","","","","","","","","","","160","160","160","160","160","","","","","","","","","","","","","","","","","","","","","169","","","","","","","","","","","","","","","","","","","","","","","","","","","","","","","","","","","","","","2020-08-03T03:45:18.925Z","2020-08-03T03:45:18.925Z"
"Fatta5091b09w1","FORTUNE REGULAR CHAKKI ATTA 6X5KG W1","Individual","","","","","","","","","","","","","","","","","","","","","","","","","","","","","","","","","","","","","","","","","","","","","","","","","","","","","","","","","","","","","","","","","","","","201","201","201","201","","","","","","201","201","201","201","201","201","201","","","","","","","","","","","","","","","","","","","","","","201","201","201","201","","","","","","","","","","","","","","","","","","","","","","","","","","","2020-08-03T03:45:18.925Z","2020-08-03T03:45:18.925Z"
"Fatta5091b09w2","FORTUNE REGULAR CHAKKI ATTA 6X5KG W2","Individual","164","164","164","164","164","164","164","164","164","164","164","164","164","164","164","164","164","164","164","164","164","","164","","164","164","","","164","","164","164","","","","164","","","","","","","","","","","160","160","160","160","160","160","160","160","160","166","0","166","166","0","166","0","","0","0","166","0","","","","","","","","","","","","","","","","","","","","","","","166","166","166","166","","","","","0","166","","","","","","","","","","168","160","160","160","160","160","160","160","160","163","163","163","163","163","163","163","163","163","164","164","164","164","164","164","","","2020-08-03T03:45:18.925Z","2020-08-03T03:45:18.925Z"
"Fatta5091b09n1n","FORTUNE REGULAR CHAKKI ATTA 6X5KGN1N","Individual","","","","","","","","","","","","","","","","","","","","","","","","","","","","","","","","","","","","","","","","","","","","","","","","","","","","","","","","","","","","","","","","","","","","","","","","","","","","","","","","","","","","","","","","","","","","","","","","","","","","","","","","180","","","","","","","","","","","","","","","","","","","","","","","","","","","","","","","2020-08-03T03:45:18.925Z","2020-08-03T03:45:18.925Z"
"Fatta5091b09n2e","FORTUNE REGULAR CHAKKI ATTA 6X5KGN2E","Individual","","","","","","","","","","","","","","","","","","","","","","","","","","","","","","","","","","","","","","","","","","","","","","","","","","","","","","","","","","","","","","","","","","","","","","","","","","","","","","","","","","","","","","","","","","","","","","","","","","","","","","","163","","","","","","","","","","","","","","","","","","","","","","","","","","","","","","","","2020-08-03T03:45:18.925Z","2020-08-03T03:45:18.925Z"
"Fatta5091p07v1n2e","FORTUNE REGULAR CHAKKI ATTA 30X1KG N2E","Individual","","","","","","","","","","","","","","","","","","","","","","","","","","","","","","","","","","","","","","","","","","","","","","","","","","","","","","","","","","","","","","","","","","","","","","","","","","","","","","","","","","","","","","","","","","","","","","","","","","","","","","","34","","","","","","","","","","","","","","","","","","","","","","","","","","","","","","","","2020-08-03T03:45:18.925Z","2020-08-03T03:45:18.925Z"
"Fatta5091p07w1","FORTUNE REGULAR CHAKKI ATTA 30X1KG W1","Individual","","","","","","","","","","","","","","","","","","","","","","","","","","","","","","","","","","","","","","","","","","","","","","","","","","","","","","","","","","","","","","","","","","","","44","44","44","44","","","","","","44","44","44","44","44","44","44","","","","","","","","","","","","","","","","","","","","","","44","44","44","44","","","","","","","","","","","","","","","","","","","","","","","","","","","2020-08-03T03:45:18.925Z","2020-08-03T03:45:18.925Z"
"Fatta5091p07w2","FORTUNE REGULAR CHAKKI ATTA 30X1KG W2","Individual","0","0","0","0","0","0","0","0","0","0","0","0","0","0","0","0","0","0","0","0","0","","0","","0","0","","","0","","0","0","","","","0","","","","","","","","","","","","","","","","","","","","35","0","35","35","0","35","0","","0","0","35","0","","","","","","","","","","","","","","","","","","","","","","","","","","","","","","","0","35","","","","","","","","","","","","","","","","","","","","","","","","","","","","0","0","0","0","0","0","","","2020-08-03T03:45:18.925Z","2020-08-03T03:45:18.925Z"
"Fbr01du0102p07v3","FORTUNE ROZANA ST RICE 4X5 KG PH BAG","Individual","","","","","","","","","","","","","","","","","","","","","","","","","","","","","","","","","","","","","","","","","","","","","","","","","","","","","","","","","","","","","","","","","","","","","","","","","","","","","","","","","","","","","","","","","","","","","","","","","","","","","","","","390","","","","","","","","","","","","","","","","","","","","","","","","","","","","","","","2020-08-03T03:45:18.925Z","2020-08-03T03:45:18.925Z"
"Fbr01du0102p04v3","FORTUNE ROZANA ST RICE 20X1 KG PH BAG","Individual","","","","","","","","","","","","","","","","","","","","","","","","","","","","","","","","","","","","","","","","","","","","","","","","","","","","","","","","","","","","","","","","","","","","","","","","","","","","","66","66","66","66","66","66","66","","","","","","","","","","","","","","","","","","","","","80","66","66","66","66","","","","","","","","","","","","","","","","","","","","","","","","","","","2020-08-03T03:45:18.925Z","2020-08-03T03:45:18.925Z"
"Fbesa2011p07","FORTUNE SF MATAR BESAN 20X1 KG PCH","Individual","73","72","72","72","72","72","72","72","72","72","72","72","72","72","72","72","72","72","72","72","72","","72","","72","72","","","73","","72","72","","","","72","","","","","","","","","","","","","","","","","","","","","","","","","","","","","","","","","","","","","","","","","","","","","","","","","","","","","","","","","","","","","","","","","","","","80","","","","","","","","","","","","","","","","","","","","","","","72","72","72","72","72","72","","","2020-08-03T03:45:18.925Z","2020-08-03T03:45:18.925Z"
"Fnr02hr0122p07","FORTUNE SONA MASOORI REGULAR - 4X5KG","Individual","","","","","","","","","","","","","","","","","","","","","","","","","","","","","","","","","","","","","","","","","","","","","","","","","","","","","","","","","","","","","","","","","","","","","224","224","","","","","","","213","","","213","213","213","","","","","","","","","","","","","","","","","","","","","","","220","","213","213","","","","","","","","","","","","","","","","","","","","","","","","","","","2020-08-03T03:45:18.925Z","2020-08-03T03:45:18.925Z"
"Fnr02hr0122b08v1","FORTUNE SONA MASOORI REGULAR-4X10KG","Individual","","","","","","","","","","","","","","","","","","","","","","","","","","","","","","","","","","","","","455","455","455","455","455","455","455","455","455","455","","","","","","","","","","","","","","","","","","","","","","","","","","","","","","","","","","","","","","","","","","","","","","","","","","","455","","","","","","","","","","","","","","","","","","","","","","","","","","","","","","","","","","","","","","2020-08-03T03:45:18.925Z","2020-08-03T03:45:18.925Z"
"Fnr02hr0125p07","FORTUNE SONA MASOORI SUPREME - 4X5KG","Individual","","","","","","","","","","","","","","","","","","","","","","","","","","","","","","","","","","","","","","","","","","","","","","","","","","","","","","","","","","","","","","","","","","","","227","227","227","227","","","","","","276","276","","276","276","","","","","","","","","","","","","","","","","","","","","","","","292","","276","","","","","","","","","","","","","","","","","","","","","","","","","","","","2020-08-03T03:45:18.925Z","2020-08-03T03:45:18.925Z"
"Fnugg3061p07","FORTUNE SOYA BARI 20X1KG PCH (BAG)","Individual","105","104","104","104","104","104","104","104","104","104","104","104","104","102","104","104","104","104","104","104","104","","104","","104","104","","","105","","104","104","","","","104","","","","","","","","","","","","","","","","","","","","","","","","","","","","","","","","","","","","","","","","","","","","","102","","","","","","","","","100","100","100","100","","","","","","","","","","","","","102","102","102","100","","","","","","","","","","","","","","","","","","104","104","104","104","104","104","","","2020-08-03T03:45:18.925Z","2020-08-03T03:45:18.925Z"
"Fnugg3061p07s1","FORTUNE SOYA BARI 20X1KG PCH 10% EX","Individual","","","","","","","","","","","","","","","","","","","","","","","","","","","","","","","","","","","","","107","107","107","107","107","107","107","107","107","107","","","","","","","","","","","","","","","","","","","","","","","","","","","","","","","","","","","","","","","","","","","","","","","","","99","","107","","","99","100","99","99","","","","","","","","","","","","","","","","","","","","","","","","","","","","","","","","2020-08-03T03:45:18.925Z","2020-08-03T03:45:18.925Z"
"Fnugg3061p04s1","FORTUNE SOYA BARI 50X200G LC 25GM EX SC","Individual","","","","","","","","","","","","","","","","","","","","","","","","","","","","","","","","","","","","","","","","","","","","","","","37","37","37","37","37","37","37","37","37","","","","","","","","","","","","","38","38","38","38","","","","","","","","","","","","","","","","","","","37","37","37","37","","38","","","","","38","40","38","","","","","","","36","37","37","37","37","37","37","37","37","37","37","37","37","37","37","37","37","37","","","","","","","","","2020-08-03T03:45:18.925Z","2020-08-03T03:45:18.925Z"
"Fnugg3061p04","FORTUNE SOYA BARI 200GMX50 LC","Individual","0","38","38","38","38","38","37","38","38","38","38","38","38","37","37","37","38","38","37","37","37","","38","","38","38","","","0","","37","37","","37","","38","38","38","38","38","38","38","38","38","38","38","37","37","37","37","37","37","37","37","37","","","","","","","","","","","","","37","37","37","37","38","38","38","38","38","37","","37","37","37","","37","","","","","","","","","","","","","","38","","","","","","","42","38","","37","37","","","","","","","","","","","","","","","","","","","38","38","38","37","37","38","37","38","2020-08-03T03:45:18.925Z","2020-08-03T03:45:18.925Z"
"Fnugg3061p01s1","FORTUNE SOYA BARI 320X45GM PCH 10% EX","Individual","","","","","","","","","","","","","","","","","","","","","","","","","","","","","","","","","","","","","9","9","9","9","9","9","9","9","9","9","9","9","9","9","9","9","9","9","9","","","","","","","","","","","","","9","9","9","9","","","","","","","","","","","","","","","","","","","84","84","84","84","","","","9","","","8","","","8","","","","","","","9","9","9","9","9","9","9","9","9","9","9","9","9","9","9","9","9","","","","","","","","","2020-08-03T03:45:18.925Z","2020-08-03T03:45:18.925Z"
"Fsugr14251p07","FORTUNE SUGAR 25 X 1KG BAG","Individual","","","","","","","46","","","","","","","46","46","46","","","","","46","","","","46","","","","","","46","46","","46","46","","","","","","","","","","","","","","","","","","","","","","","","","","","","","","","","","","","","","","","","","","","","","","","","","","","","","","","","","","","50","","50","","","","50","","50","51","","","","","","","","","","","","","","","","","","","","","","","","","","","","","","46","","2020-08-03T03:45:18.925Z","2020-08-03T03:45:18.925Z"
"Fsuji11221p06","FORTUNE SUJI 20X500G W1","Individual","0","23","23","23","23","23","23","23","23","23","23","23","23","23","23","23","23","23","23","23","23","","23","","23","23","","","0","","23","23","","23","","23","24","24","24","24","24","24","24","24","24","24","20","20","20","20","20","20","20","20","20","","","","","","19","","","","","","","24","","","24","","","","","","22","","22","22","","","22","","","","","","","23","23","23","23","","","","24","","","","","","","25","","22","22","22","","","","","","","","","","","","","","","","","","","23","23","23","23","23","23","","21","2020-08-03T03:45:18.925Z","2020-08-03T03:45:18.925Z"
"Fbr01hr0110p04s3","FORTUNE SUPER 25% BR RAW FG 20X1.25KG","Individual","","","","","","","","","","","","","","","","","","","","","","","","","","","","","","","","","","113","","","114","114","114","114","114","114","114","114","114","114","125","125","125","","","125","125","125","125","","","","","","","","","","","","","","","","","","","","","","","","","","","","","","","","","","","","","","","124","124","124","114","","","","","","","","","","","","","120","120","120","120","120","120","120","120","124","124","124","124","124","124","124","124","124","","","","","","","","","2020-08-03T03:45:18.925Z","2020-08-03T03:45:18.925Z"
"Fbr01hr0110p07","FORTUNE SUPER 30%EXTRA BR 4X6.5KG PH","Individual","","","","","","","","","","","","","","","","","","","","","","","","","","","","","","","","","","","","","","","","","","","","","","","","","","","","","","","","","","","","","","","","","","","","","","","","","","","","","","","","","","","","","","","","","","542","542","542","542","","","","","","","","","","","","","","","","530","","","","","","","","","","","","","","","","","","","","","","","","","","2020-08-03T03:45:18.925Z","2020-08-03T03:45:18.925Z"
"Fbr02du0110p07","FORTUNE SUPER DUBAR RW BR 4X5KG","Individual","","","","","","","","","","","","","","","","","","","","","","","","","","","","","","","","","","","","","399","399","399","399","399","399","399","399","399","399","","","","","","","","","","","","","","","","","","","","","","","","","","","","","","","","","","","","","","","","","","","","382","382","382","382","","","","399","","","","","","","","","","","","375","","","","","","","","","","","","","","","","","","","","","","","","","","2020-08-03T03:45:18.925Z","2020-08-03T03:45:18.925Z"
"Eblen03j07","FORTUNE VIVO 4 X 5 LT JAR","Individual","0","660","660","660","660","660","648","660","660","660","660","660","660","648","660","660","660","660","648","648","648","","660","","660","660","","","0","","648","648","","648","","660","660","660","660","660","660","660","660","660","660","660","708","708","708","708","","","708","708","","","0","","","0","648","0","","0","0","","0","659","659","659","659","","","","","","648","648","648","648","","648","648","","","","","","","636","636","636","636","","","","660","0","648","","","","","","660","","648","648","","","","","","","","","","","","","","","","","","","660","660","660","660","660","660","648","745","2020-08-03T03:45:18.925Z","2020-08-03T03:45:18.925Z"
"Eblen03p03v2","FORTUNE VIVO POUCH 12X1 LT Pch","Individual","","","","","","","","","","","","","","","","","","","","","","","","","","","","","","","","","","","","","132","132","132","132","132","132","132","132","132","132","125","125","125","125","125","125","125","125","125","130","0","130","130","0","130","0","","0","0","130","0","140","140","140","140","","","","","","132","132","132","132","132","132","132","","","","","","","129","129","129","129","144","","144","132","0","130","","142","144","144","","132","132","132","132","","125","125","125","125","125","125","125","125","132","132","132","132","132","132","132","132","132","","","","","","","","","2020-08-03T03:45:18.925Z","2020-08-03T03:45:18.925Z"
"Fnr02hr0126b07","FORTUNE WADA KOLAM RAW - 4X5KG","Individual","","","","","","","","","","","","","","","","","","","","","","","","","","","","","","","","","","","","","","","","","","","","","","","","","","","","","","","","0","0","0","0","0","292","0","","0","0","0","0","","","","","","","","","","283","","283","283","283","283","283","","","","","","","","","","","","","","","0","292","","","","","","301","283","283","283","","","","","","","","","","","","","","","","","","","","","","","","","","","2020-08-03T03:45:18.925Z","2020-08-03T03:45:18.925Z"
"Fbr01hr0608p04","JUBILEE REGULAR LG RICE 20X1KG BAG","Individual","","","","","","","","","","","","","","","","","","","","","","","","","","","","","","","","","","","","","","","","","","","","","","","","","","","","","","","","","","","","","","","","","","","","","","","","","","","","","","","","","","","","","","","","","","","","","","","","","","","","","","","","70","","","","","","","","","","","","","","","","","","","","","","","","","","","","","","","2020-08-03T03:45:18.925Z","2020-08-03T03:45:18.925Z"
"Evana16p03","RAAG VANASPATI 16 X 1 LTR PCH","Individual","0","110","110","110","110","110","110","110","110","110","110","110","110","110","110","110","110","110","110","110","110","","110","","110","110","","","0","","110","110","","","","110","","","","","","","","","","","","","","","","","","","","","","","","","","","","","","","","","","","","","","","","","","","","","","","","","","","","","","93","93","93","93","","","","","","","","","","","","","","","","88","","","","","","","","","","","","","","","","","","110","110","110","110","110","110","","","2020-08-03T03:45:18.925Z","2020-08-03T03:45:18.925Z"
"Evana16p02","RAAG VANASPATI 32 X 500 ML PCH","Individual","0","0","0","0","0","0","0","0","0","0","0","0","0","0","0","0","0","0","0","0","0","","0","","0","0","","","0","","0","0","","","","0","","","","","","","","","","","","","","","","","","","","","","","","","","","","","","","","","","","","","","","","","","","","","","","","","","","","","","47","47","47","47","","","","","","","","","","","","","","","","44","","","","","","","","","","","","","","","","","","0","0","0","0","0","0","","","2020-08-03T03:45:18.925Z","2020-08-03T03:45:18.925Z"
"Fbr01bl0115p04v3","Fortune Rozana Rice 5kg","Individual","","","","","","","","","","","","","","","","","","","","","","","","","","","","","","","","","","","","","318","318","318","318","318","318","318","318","318","318","","","","","","","","","","","","","","","","","","","","","","","","","","","","","","","","","","","","","","","","","","","","","","","","","","","318","","","","","","","","","","","","","","","","","","","","","","","","","","","","","","","","","","","","","","2020-08-03T03:45:18.925Z","2020-08-03T03:45:18.925Z"
"Zfbr08hr0121p04","FORTUNE CLASSIC BIRYANI BR - 1 KG POUCH","Individual","","","","","","","","","","","","","","","","","","","","","","","","","","","","","","","","","","","","","","","","","","","","","","","","","","","","","","","","","","","","","","","","","","","","","","","","","","","","","","","","","","","","","","","","","","","","","","","145","","","","","","","","145","","","","","","","","","","","","","","","","","","","","","","","","","","","","","","","","2020-08-03T03:45:18.925Z","2020-08-03T03:45:18.925Z"
"Fbr01hr0110p04","FORTUNE SUPER 25% BR RAW FG 20X1.25KG","Individual","","","","","","","","","","","","","","","","","","","","","","","","","","","","","","","","","","","","","","","","","","","","","","","","","","","","","","","","","","","","","","","","","","","","","","","","","","","","","","","","","","","","","","","","","","112","112","112","112","","","","","","","","","","","","","","","","113","","","","","","","","","","","","","","","","","","","","","","","","","","2020-08-03T03:45:18.925Z","2020-08-03T03:45:18.925Z"
"Nsoapc01w01010","ALIFE LIVELY LIME SOAP 4X36X75G BUNDLE","Individual","","","","","","","","","","","","","","","","","","","","","","","","","","","","","","","","","","","","","","","","","","","","","","","32","32","32","32","32","32","32","32","32","","","","","","","","","","","","","","","","","","","","","","","","","","","","","","","","","","","31","31","31","31","","","","","","","","","","","","","","","","31","32","32","32","32","32","32","32","32","32","32","32","32","32","32","32","32","32","","","","","","","","","2020-08-03T03:45:18.925Z","2020-08-03T03:45:18.925Z"
"3","Fortune Mogra Basmati Rice 5kg","Individual","","","","","","","","","","","","","","","","","","","","","","","","","","","","","","","","","","","","","","","","","","","","","","","","","","","","","","","","","","","","","","","","","","","","","","","","","","","","","","","","","","","","","","","","","","","","","","","","","","","","","","","","280","","","","","","","","","","","","","","","","","","","","","","","","","","","","","","","2020-08-03T03:45:18.925Z","2020-08-03T03:45:18.925Z"
"4","Fortune MM II Basmati Rice 5kg","Individual","","","","","","","","","","","","","","","","","","","","","","","","","","","","","","","","","","","","","","","","","","","","","","","","","","","","","","","","","","","","","","","","","","","","","","","","","","","","","","","","","","","","","","","","","","","","","","","","","","","","","","","","180","","","","","","","","","","","","","","","","","","","","","","","","","","","","","","","2020-08-03T03:45:18.925Z","2020-08-03T03:45:18.925Z"
"Fpuls9121p07","Arhar Dal Unpolished 1 Kg","Individual","0","108","108","108","108","108","108","108","108","108","108","108","108","108","108","108","108","108","108","108","108","","108","","108","108","","","0","","108","108","","","","108","","","","","","","","","","","","","","","","","","","","","","","","","","","","","","","","","","","","","","","","","","","","","","","","","","","","","","","","","","","","","","","","","","","","","","","","","","","","","","","","","","","","","","","","","","","108","108","108","108","108","108","","106","2020-08-03T03:45:18.925Z","2020-08-03T03:45:18.925Z"
"Fatta5091b10w2","Fortune Regular Chakki Atta 10kg","Individual","322","323","323","323","323","323","323","323","323","323","323","323","323","323","323","323","323","323","323","323","323","","323","","323","323","","","322","","323","323","","","","323","","","","","","","","","","","","","","","","","","","","","","","","","","","","","","","","","","","","","","","","","","","","","","","","","","","","","","327","327","327","327","","","","","","","","","","","","","","","","","","","","","","","","","","","","","","","","","","323","323","323","323","323","323","","","2020-08-03T03:45:18.925Z","2020-08-03T03:45:18.925Z"
"Fbesa1011p06v3","Fortune Besan 500g Pouch","Individual","36","36","36","36","36","36","36","36","36","36","36","36","36","36","36","36","36","36","36","36","36","","36","","36","36","","","36","","36","36","","","","36","","","","","","","","","","","","","","","","","","","","","","","","","","","","","","","","","","","","","","","","","","","","","","","","","","","","","","","","","","","","","","","","","","","","","","","","","","","","","","","","","","","","","","","","","","","36","36","36","36","36","36","","","2020-08-03T03:45:18.925Z","2020-08-03T03:45:18.925Z"
"Fnugg3061p01","Fortune Soya Bari 50gm Pouch","Individual","0","9","9","9","9","9","9","9","9","9","9","9","9","9","9","9","9","9","9","9","9","","9","","9","9","","","0","","9","9","","","","9","","","","","","","","","","","","","","","","","","","","","","","","","8","","","","","","","","9","","","","","","","","8","","","8","","","8","","","","","","","","","","","","","","","","","","","","","","","8","","8","","","","","","","","","","","","","","","","","","","9","9","9","9","9","9","","","2020-08-03T03:45:18.925Z","2020-08-03T03:45:18.925Z"
"Fbr01hr0110p04s1","Fortune Super 25%extra Br 1.3kg","Individual","0","109","109","109","109","109","109","109","109","109","109","109","109","109","109","109","109","109","109","109","109","","109","","109","109","","","0","","109","109","","","","109","","","","","","","","","","","","","","","","","","","","","","","","","","","","","","","","","","","","","","","","","","","","","","","","","","","","","","","","","","","","","","","","","","","","","","","","","","","","","","","","","","","","","","","","","","","109","109","109","109","109","109","","","2020-08-03T03:45:18.925Z","2020-08-03T03:45:18.925Z"
"Fbr01hr0110p07s1","Fortune Super 25%extra Br 6.5kg","Individual","0","544","544","544","544","544","544","544","544","544","544","544","544","544","544","544","544","544","544","544","544","","544","","544","544","","","0","","544","544","","","","544","","","","","","","","","","","","","","","","","","","","","","","","","","","","","","","","","","","","","","","","","","","","","","","","","","","","","","","","","","","","","","","","","","","","","","","","","","","","","","","","","","","","","","","","","","","544","544","544","544","544","544","","","2020-08-03T03:45:18.925Z","2020-08-03T03:45:18.925Z"
"Fbr01hr0430p04","Fortune Briyani Special Basmati Rice 1kg","Individual","102","102","102","102","102","102","102","102","102","102","102","102","102","102","102","102","102","102","102","102","102","","102","","102","102","","","102","","102","102","","","","102","","","","","","","","","","","","","","","","","","","","","","","","","","","","","","","","","","","","","","","","","","","","","","","","","","","","","","","","","","","","","","","","","","","","","","","","","","","","","","","","","","","","","","","","","","","102","102","102","102","102","102","","","2020-08-03T03:45:18.925Z","2020-08-03T03:45:18.925Z"
"Fbr01bl0115p04","Fortune Rozana ST Rice T/D 20x1KG PH CAR","Individual","61","58","58","58","58","58","59","58","58","58","58","58","58","59","58","58","58","58","59","59","59","","58","","58","58","","","61","","58","59","","59","59","58","","","","","","","","","","","65","65","65","65","65","65","65","65","65","","","","62","","62","","","","","","","","","","","","","","","","","","","","","","","","","","","","","","","","","","","","","","","","","","","","","","","","","","","","","","","","","","","","","","","","","","58","58","58","58","58","58","","60","2020-08-03T03:45:18.925Z","2020-08-03T03:45:18.925Z"
"Fbr01du0102p07v1","Fortune Rozana Rice 5kg","Individual","303","291","291","291","291","291","291","291","291","291","291","291","291","291","291","291","291","291","291","291","291","","291","","291","291","","","303","","291","291","","","","291","","","","","","","","","","","","","","","","","","","","","","","","","","","","","","","","","","","","","","","","","","","","","","","","","","","","","","","","","","","","","","","","","","","","","","","","","","","","","","","","","","","","","","","","","","","291","291","291","291","291","291","","","2020-08-03T03:45:18.925Z","2020-08-03T03:45:18.925Z"
"Ersbo01p03","FORTUNE REF SOYA OIL 12 X 1 LT PCH","Individual","106","104","104","104","104","105","104","104","105","104","104","105","104","105","104","104","105","105","104","104","104","","105","","104","104","","","106","","104","104","","","","105","","","","","","","","","","","","","","","","","","","","","","","","","","","","","","","","","","106","","","","104","","","107","107","107","107","107","107","","","","","","","","","","","","","","","","","","","","","","","","","107","107","","","","","","","","","","","","","","","","","","","105","105","105","104","104","105","","","2020-08-03T03:45:18.925Z","2020-08-03T03:45:18.925Z"
"Ersfo01p03","FORTUNE REF SF OIL 12 X 1 LT PCH","Individual","116","117","117","117","117","117","117","117","117","117","117","117","117","117","117","117","117","117","117","117","117","","117","","117","117","","","116","","117","117","","","","117","","","","","","","","","","","112","112","112","112","112","112","112","112","112","114","","","114","114","114","114","114","114","114","","114","106","","106","106","","","118","","","107","107","","107","107","107","107","","","","","","","","","","","","","","","","","","","","","","","107","107","107","","","","","","","","","","","","","","","","","","","117","117","117","117","117","117","","","2020-08-03T03:45:18.925Z","2020-08-03T03:45:18.925Z"
"Ekgmo01p03","Fortune Kachi Ghani Mustard Oil 1lt Pouch","Individual","0","123","123","123","123","123","123","123","123","123","123","123","123","123","123","123","123","123","123","123","123","","123","","123","123","","","0","","123","123","","","","123","","","","","","","","","","","","","","","","","","","","142","","","","","","142","142","142","142","","142","","","","","","","","","","","","","","","","","","","","","","","","","","","","","","","","","","","","","","","","","","","","","","","","","","","","","","","","","","","","123","123","123","123","123","123","","","2020-08-03T03:45:18.925Z","2020-08-03T03:45:18.925Z"
"Errbo01e03","Fortune Rice Bran Health Oil 1lt Pet","Individual","0","127","127","127","127","127","127","127","127","127","127","127","127","127","127","127","127","127","127","127","127","","127","","127","127","","","0","","127","127","","","","127","","","","","","","","","","","123","123","123","","","","123","123","","","","","","","","","","","","","","","","","","","","","","","","","","","","","","","","","","","","127","127","127","127","","","","","","","","","","","","","","","","","","","","","","","","","","","","","","","","","","127","127","127","127","127","127","","","2020-08-03T03:45:18.925Z","2020-08-03T03:45:18.925Z"
"Errbo04j07","Fortune Rice Bran Health Oil 5lt Jar","Individual","671","635","635","635","635","635","635","635","635","635","635","635","635","635","635","635","635","635","635","635","635","","635","","635","635","","","671","","635","635","","","","635","","","","","","","","","","","","","","","","","","","","","","","","","","","","","","","","","","","","","","","","","","","","","","","","","","","","","","","","","","","","","","","","","","","","","","","","","","","","","","","","","","","","","","","","","","","635","635","635","635","635","635","","","2020-08-03T03:45:18.925Z","2020-08-03T03:45:18.925Z"
"Ersfo01e05","Fortune Sun Flower Oil 2lt Pet","Individual","0","242","242","242","242","242","242","242","242","242","242","242","242","242","242","242","242","242","242","242","242","","242","","242","242","","","0","","242","242","","","","242","","","","","","","","","","","230","230","230","230","230","230","230","230","230","","","","","","","","","","","","","","","","","","","","","","","","","","","","","","","","","","","242","242","242","242","","","","","","","","","","","","","","","","","230","230","230","230","230","230","230","230","0","0","0","0","0","0","0","0","0","242","242","242","242","242","242","","","2020-08-03T03:45:18.925Z","2020-08-03T03:45:18.925Z"
"Fbesa1011p06s2","FOR CHANA BESAN SF 40X500G PCH+500G SUG","Individual","","","","","","","","","","","","","","","","","","","","","","","","","","","","","","","","","","","","","","","","","","","","","","","38","38","38","38","38","38","38","38","38","","","","","","","","","","","","","","","","","","","","","","","","","","","","","","","","","","","","","","","","","","","","","","","","","","","","","","","38","38","38","38","38","38","38","38","36","36","36","36","36","36","36","36","36","","","","","","","","","2020-08-03T03:45:18.925Z","2020-08-03T03:45:18.925Z"
"Eblen03p03","FORTUNE VIVO 20 X 1 LT PCH","Individual","0","0","0","0","0","0","130","0","0","0","0","0","0","130","0","0","0","0","130","130","0","","0","","0","0","","","0","","0","130","","130","130","0","","","","","","","","","","","142","142","142","142","142","","142","142","","","","","","","130","","","","","","","137","137","137","137","","","","","","130","130","130","","","130","130","","","","","","","128","128","128","128","","","","","","","","","","","","","","130","130","","","","","","","","","","","","","","","","","","","0","0","0","0","0","0","130","146","2020-08-03T03:45:18.925Z","2020-08-03T03:45:18.925Z"
"Epgno01j08","Fortune Pure Groundnut Oil 15lt Jar","Individual","0","0","0","0","0","0","0","0","0","0","0","0","0","0","0","0","0","0","0","0","0","","0","","0","0","","","0","","0","0","","","","0","","","","","","","","","","","","","","","","","","","","","","","","","","","","","","","","","","","","","","","","","","","","","","","","","","","","","","","","","","","","","","","","","","","","","","","","","","","","","","","","","","","","","","","","","","","0","0","0","0","0","0","","","2020-08-03T03:45:18.925Z","2020-08-03T03:45:18.925Z"
"Nsoapc01w01030","ALIFE SOOTHING SANDAL 4X36X75G BUNDLE","Individual","","","","","","","","","","","","","","","","","","","","","","","","","","","","","","","","","","","","","","","","","","","","","","","","","","","","","","","","","","","","","","","","","","","","","","","","","","","","","","","","","","","","","","","","","","31","31","31","31","","","","","","","","","","","","","","","","","","","","","","","","","","","","","","","","","","","","","","","","","","2020-08-03T03:45:18.925Z","2020-08-03T03:45:18.925Z"
"Fbr06hr0104p07","FORTUNE HAMESHA BRICE BL BN 4X5 KG BAG","Individual","","","","","","","","","","","","","","","","","","","","","","","","","","","","","","","","","","","","","","","","","","","","","","","","","","","","","","","","","","","","","","","","","","","","324","","","","","","","","","","","","","","","","","","","","","","","","","","","","","","","","","","","","","","","","","","","","","","","","","","","","","","","","","","","","","","","","","","","2020-08-03T03:45:18.925Z","2020-08-03T03:45:18.925Z"
"Fbr02hr0110p04v1","FORTUNE SUPER BR 20X1KG PH (STK)","Individual","","","","","","","","","","","","","","","","","","","","","","","","","","","","","","","","","","","","","","","","","","","","","","","","","","","","","","","","","","","","","","","","","","","","101","101","101","101","","","","","","","","","","","","","","","","","","","","","","","","","","","","","","","","","","","","","","","","","","","","","","","","","","","","","","","","","","","","","","","","2020-08-03T03:45:18.925Z","2020-08-03T03:45:18.925Z"
"Fbesa1024b10","FC CHANA BESAN GARGARA 1X10 KG BAG","Individual","","","","","","","","","","","","","","","","","","","","","","","","","","","","","","","","","","","","","","","","","","","","","","","","","","","","","","","","","","","","","","","","","","","","748","748","748","748","","","","","","","","","","","","","","","","","","","","","","","","","","","","","","","","","","","","","","","","","","","","","","","","","","","","","","","","","","","","","","","","2020-08-03T03:45:18.925Z","2020-08-03T03:45:18.925Z"
"Ersfo01p03v4","FORTUNE REF SF OIL 16 X 1 LT PCH-TELUGU","Individual","","","","","","","","","","","","","","","","","","","","","","","","","","","","","","","","","","","","","","","","","","","","","","","","","","","","","","","","","","","","","","","","","","","","106","106","106","106","","","","","","","","","","","","","","","","","","","","","","","","","","","","","","","","","","","","","","","","","","","","","","","","","","","","","","","","","","","","","","","","2020-08-03T03:45:18.925Z","2020-08-03T03:45:18.925Z"
"Errbo01j07v1","FORTUNE REF RICE BRAN OIL 4X5LT JAR-LM","Individual","","","","","","","","","","","","","","","","","","","","","","","","","","","","","","","","","","","","","","","","","","","","","","","","","","","","","","","","","","","","","","","","","","","","599","599","599","599","","","","","","","","","","","","","","","","","","","","","","","","","","","","","","","","","","","","","","","","","","","","","","","","","","","","","","","","","","","","","","","","2020-08-03T03:45:18.925Z","2020-08-03T03:45:18.925Z"
"Ersfo01j07v6","FORTUNE REF SF OIL 4 X 5 LT JAR-TELUGU","Individual","","","","","","","","","","","","","","","","","","","","","","","","","","","","","","","","","","","","","","","","","","","","","","","","","","","","","","","","","","","","","","","","","","","","547","547","547","547","","","","","","","","","","","","","","","","","","","","","","","","","","","","","","","","","","","","","","","","","","","","","","","","","","","","","","","","","","","","","","","","2020-08-03T03:45:18.925Z","2020-08-03T03:45:18.925Z"
"Fbesa1013b11","CHANA BESAN SF 1X20 KG BAG","individual","","","","","","","","","","","","","","","","","","","","","","","","","","","","","","","","","","","","","","","","","","","","","","","","","","","","","","","","","","","","","","","","","","","","","","","","","","","","","","","","","","","","","","","","","","73","73","73","73","","","","","","","","","","","","","","","","","","","","","","","","","","","","","","","","","","","","","","","","","","2020-08-03T03:45:18.925Z","2020-08-03T03:45:18.925Z"
"Fpuls13121p06","FORTUNE UNPOLISHED CHANA DAL 20X500G","Individual","","","","","","","34","","","","","","","34","34","34","","","","","34","","","","34","","","","","","34","34","","","","","","","","","","","","","","","37","37","37","37","","","37","37","","","","","","","","","","","","","","","","","","","","","","","","","","","","","","","","","","","","36","36","36","36","","","","","","","","","","","","","","","","","","","","","","","","","","","","","","","","","","","","","34","34","","34","35","2020-08-03T03:45:18.925Z","2020-08-03T03:45:18.925Z"
"Errbo01j08v1","Fortune rice bran health oil 15lt jar","Individual","","","","","","","","","","","","","","","","","","","","","","","","","","","","","","","","","","","","","","","","","","","","","","","","","","","","","","","","","","","","","","","","","","","","","","","","","","","","","","","","","","","","","","","","","","1767","1767","1767","1767","","","","","","","","","","","","","","","","","","","","","","","","","","","","","","","","","","","","","","","","","","2020-08-03T03:45:18.925Z","2020-08-03T03:45:18.925Z"
"Fbr01hr0108b07","JUBILEE REG. LONG RICE BAG","Individual","","","","","","","","","","","","","","","","","","","","","","","","","","","","","","","","","","","","","","","","","","","","","","","","","","","","","","","","","","","","","","","","","","","","","","","","","","","","","","","","","","","","","","","","","","268","268","268","268","","","","","","","","","","","","","","","","","","","","","","","","","","","","","","","","","","","","","","","","","","2020-08-03T03:45:18.925Z","2020-08-03T03:45:18.925Z"
"FMAID10201P07","FORTUNE MAIDA 30X1KG W1","Individual","","","","","","","","","","","","","","","","","","","","","","","","","","","","","","","","","","","","","","","","","","","","","","","","","","","","","","","","","","","","","","","","","","","","","","","","","","","","","","","","","","","","","","","","","","","","","","","","","","","","39","","39","39","","","","","","","","","","","","","","","","","","","","","","","","","","","","","","","","2020-08-03T03:45:18.925Z","2020-08-03T03:45:18.925Z"
"EBLEN75E03","FORTUNE GN ACTIV 12 X 1 LT PET","Individual","","","","","","","","","","","","","","","","","","","","","","","","","","","","","","","","","","","","","","","","","","","","","","","","","","","","","","","","","","","134","","134","","","","","","","","","","","","","","","","","","","","","","","","","","","","","135","135","135","135","","","","","","","","","","","","","","","","","","","","","","","","","","","","","","","","","","","","","","","","","137","2020-08-03T03:45:18.925Z","2020-08-03T03:45:18.925Z"
"EBLEN75T08","FORTUNE GN ACTIV 15 LT TIN","Individual","","","","","","","","","","","","","","","","","","","","","","","","","","","","","","","","","","","","","","","","","","","","","","","","","","","","","","","","","","","","","","","","","","","","","","","","","","","","","","","","","","","","","","","","","","1950","1950","1950","1950","","","","","","","","","","","","","","","","","","","","","","","","","","","","","","","","","","","","","","","","","","2020-08-03T03:45:18.925Z","2020-08-03T03:45:18.925Z"
"FATTA5091P07","FORTUNE REGULAR CHAKKI ATTA 28X1","Individual","","","","","","","","","","","","","","","","","","","","","","","","","","","","","","","","","","","","","","","","","","","","","","","33","","","33","33","33","33","33","","","","","","","32","","","","","","","44","44","44","44","","","","","","44","44","44","","","44","44","","","","","","","","","","","","","","","","","","","","","","","44","44","44","","","","","","","","","","","","","","","","","","","","","","","","","","","2020-08-03T03:45:18.925Z","2020-08-03T03:45:18.925Z"
"FATTA5095B09","AADHAR CHAKKI FRESH ATTA 6X5KG","Individual","","","","","","","164","","","","","","164","164","164","164","","","164","164","","","","","164","","","","","","164","164","","164","164","","","","","","","","","","","","156","","156","156","156","156","156","156","156","","","","161","","161","","","","","","","200","200","200","200","","","","","","197","","197","","197","197","197","","","","","","","","","","","","","","","","","","","","","","","197","197","197","","","","","","","","","","","","","","","","","","","","","","164","164","","164","164","2020-08-03T03:45:18.925Z","2020-08-03T03:45:18.925Z"
"FATTA5091B10","FORTUNE REGULAR CHAKKI ATTA 3X10KG","Individual","","","","","","","322","","","","","","322","322","322","322","","","322","322","322","","","","322","","","","","","322","322","","322","322","","","","","","","","","","","","308","308","308","308","308","308","308","308","308","","","","","","328","","","","","","","379","379","379","379","","","","","","374","374","374","374","374","374","374","","","","","","","","","","","","","","","","","","","","","","","374","374","374","","","","","","","","","","","","","","","","","","","","","","322","322","","322","311","2020-08-03T03:45:18.925Z","2020-08-03T03:45:18.925Z"
"FNUGG3061P16","FORTUNE SOYA BARI 320X45GM PCH","Individual","","","","","","","8","","","","","","","8","8","8","","","8","8","8","","","","8","","","","","","8","8","","","","","","","","","","","","","","","","","","","","","","","","","","","","","","","","","","","","","","9","9","","","","","","","","","","","","","","","","","","","","","","","","","","","","","","","","","","","","","","","","","","","","","","","","","","","","","","","","","","","8","8","","","","2020-08-03T03:45:18.925Z","2020-08-03T03:45:18.925Z"
"FNUGG3071P04","FORTUNE SOYA BARI MINI 50X200GM LC","Individual","","","","","","","","","","","","","","","","","","","","","","","","","","","","","","","","","","","","","","","","","","","","","","","","","","","","","","","","","","","37","","37","","","","","","","37","","","37","","","","","","","","","","","","","","","","","","","","","","","","","","","","","","","","","","","","","","","","","","","","","","","","","","","","","","","","","","","37","37","","","","2020-08-03T03:45:18.925Z","2020-08-03T03:45:18.925Z"
"FBR02HR0110P04","Fortune SuperB Rice RW FG 20x1KG Pch CAR","Individual","","","","","","","","","","","","","","","","","","","","","","","","","","","","","","","","","","","","","","","","","","","","","","","","","","","","","","","","","","","","","","","","","","","","97","","","","","","","","","","","","","","","","","","","","","","","","","","","","","","","","","","","","","","","","","","","","","","","","","","","","","","","","","","","","","","","","","","119","2020-08-03T03:45:18.925Z","2020-08-03T03:45:18.925Z"
"ERSFO01J08V1","FORTUNE REF SF OIL 15 LT JAR (TAP)","Individual","","","","","","","","","","","","","","","","","","","","","","","","","","","","","","","","","","","","","","","","","","","","","","","","","","","","","","","","","","","","","","","","","","","","","","","","","","","","","","","","","","","","","","","","","","1664","1664","1664","1664","","","","","","","","","","","","","","","","","","","","","","","","","","","","","","","","","","","","","","","","","","2020-08-03T03:45:18.925Z","2020-08-03T03:45:18.925Z"
"NSOAPC01W01020","ALIFE LOVELY LILY SOAP 4X36X75G BUNDLE","Individual","","","","","","","","","","","","","","","","","","","","","","","","","","","","","","","","","","","","","","","","","","","","","","","","","","","","","","","","","","","","","","","","","","","","","","","","","","","","","","","","","","","","","","","","","","31","31","31","31","","","","","","","","","","","","","","","","","","","","","","","","","","","","","","","","","","","","","","","","","","2020-08-03T03:45:18.925Z","2020-08-03T03:45:18.925Z"
"Fbr01bl0115p07","Fortune Rozana ST Rice T/D 4x5KG PH CAR","Individual","","","","","","","353","","","","","","","","","","","","","","353","","","","","","","","","","","353","","353","353","","","","","","","","","","","","","","","","","","","","","","","","","","310","","","","","","","","","","","","","","","","","","","","","","","","","","","","","","","","","","","","","","","","","","","","","","","","","","","","","","","","","","","","","","","","","","","","","","","","","300","2020-08-03T03:45:18.925Z","2020-08-03T03:45:18.925Z"
"FBESA1051B10","FORTUNE BARIK BESAN 1x10KG BAG","Individual","","","","","","","","","","","","","","","","","","","","","703","","","","","","","","","","","","","","","","","","","","","","","","","","","","","","","","","","","","","","","","","","","","","","","","","","","","","","","","","","","","","","","","","","","","","","","","","","","","","","","","","","","","","","","","","","","","","","","","","","","","","","","","","","","","","","","","","","2020-08-03T03:45:18.925Z","2020-08-03T03:45:18.925Z"
"FNUGG3081P04","FORTUNE SOYA BARI CHURA 50X200GM LC","Individual","","","","","","","","","","","","","","","","","","","","","","","","","","","","","","","","","","","","","","","","","","","","","","","","","","","","","","","","","","","","","","","","","","","","","","","","","","","","","","","","","","","","","","","","","","","","","","","","","","","","","","","","","","","","","","","","","","","","","","","","","","","","","","","","","","37","37","","","","2020-08-03T03:45:18.925Z","2020-08-03T03:45:18.925Z"
"NSOAPC01W010401B","ALIFE ROMANTIC ROSE SOAP 4X36X75G BUNDLE","Individual","","","","","","","","","","","","","","","","31","","","","","","","","","31","","","","","","","","","","","","","","","","","","","","","","","","","","","","","","","","","","","","","","","","","","","","","","","","","","","","","","","","","","","","","","","","","","","","","","","","","","","","","","","","","","","","","","","","","","","","","","","","","","","","","","","","","","","","31","","2020-08-03T03:45:18.925Z","2020-08-03T03:45:18.925Z"
