sku_id,user_type,category,product_type,product_name,product_image,material_description,common_price,mrp,minimum_stock,updatedDate,insertedDate
eblen03p03,Individual,Oils,Blend,Fortune vivo blended 1 lt,https://cdn.yellowmessenger.com/DPja1o59cwp11592815776525.jpg,FORTUNE VIVO BLENDED OIL 20 X 1L PCH,,,,2020-07-01T13:24:30.790Z,2020-07-01T13:24:30.790Z
eblen75p03,Individual,Oils,Groundnut activ oil,Fortune Groundnut active oil 1 lt,https://d212y4fjk9i0rg.cloudfront.net/sites/default/files/225x265_Products_0014_Gronutt-activ-new.png,FORTUNE GN ACTIV 12 X 1 LT PCH,,,,2020-07-01T13:24:30.790Z,2020-07-01T13:24:30.790Z
edfmo01e01,Individual,Oils,Pure mustard oil,Fortune pure mustard oil 200 ml,https://cdn.yellowmessenger.com/IvU9lCx4wvA01591380527291.jpg,FORTUNE PURE MUSTARD OIL 60 X 200 ML PET,,,,2020-07-01T13:24:30.790Z,2020-07-01T13:24:30.790Z
edfmo01e02,Individual,Oils,Pure mustard oil,Fortune pure mustard oil 500 ml,https://cdn.yellowmessenger.com/IvU9lCx4wvA01591380527291.jpg,FORTUNE PURE MUSTARD OIL 24 X 500 ML PET,,,,2020-07-01T13:24:30.790Z,2020-07-01T13:24:30.790Z
edfmo01e03,Individual,Oils,Pure mustard oil,Fortune pure mustard oil 1lt,https://cdn.yellowmessenger.com/XRtvpNPmwdiM1591380171931.jpg,FORTUNE PURE MUSTARD OIL 12 X 1 LT PET,,,,2020-07-01T13:24:30.790Z,2020-07-01T13:24:30.790Z
edfmo01j07,Individual,Oils,Pure mustard oil,Fortune pure mustard oil 5 lt,https://cdn.yellowmessenger.com/sYLlXLTvT3Dw1591380341191.jpg,Fortune Pure Mustard oil 5Ltr Jar,,,,2020-07-01T13:24:30.790Z,2020-07-01T13:24:30.790Z
ekgmo01e01,Individual,Oils,Kachi ghani mustard oil,Fortune kachi ghani mustard oil 200ml pet,https://d212y4fjk9i0rg.cloudfront.net/sites/default/files/225x265_Products_0011_Kachi-ghani-new-1ltr-pet.png,FORTUNE KGMO 60 X 200 ML PET,,,,2020-07-01T13:24:30.790Z,2020-07-01T13:24:30.790Z
ekgmo01e02,Individual,Oils,Kachi ghani mustard oil,Fortune kachi ghani mustard oil 500ml pet,https://d212y4fjk9i0rg.cloudfront.net/sites/default/files/225x265_Products_0011_Kachi-ghani-new-1ltr-pet.png,FORTUNE KGMO 24 X 500 ML PET,,,,2020-07-01T13:24:30.790Z,2020-07-01T13:24:30.790Z
ekgmo01e03,Restaurants,Oils,Kachi ghani mustard oil,Fortune kachi ghani mustard oil 1 lt (12 pet),"https://d212y4fjk9i0rg.cloudfront.net/sites/default/files/225x265_Products_0011_Kachi-ghani-new-1ltr-pet.png
",FORTUNE KGMO 12 X 1 LT PET,1458,2000,,2020-07-01T13:24:30.790Z,2020-07-01T13:24:30.790Z
ekgmo01e03,Individual,Oils,Kachi ghani mustard oil,Fortune kachi ghani mustard oil 1lt pet,"https://d212y4fjk9i0rg.cloudfront.net/sites/default/files/225x265_Products_0011_Kachi-ghani-new-1ltr-pet.png
",FORTUNE KGMO 12 X 1 LT PET,1458,,,2020-07-01T13:24:30.790Z,2020-07-01T13:24:30.790Z
ekgmo01e03v2,Individual,Oils,Kachi ghani mustard oil,Fortune kachi ghani mustard oil 1lt pet,"https://d212y4fjk9i0rg.cloudfront.net/sites/default/files/225x265_Products_0011_Kachi-ghani-new-1ltr-pet.png
",FORTUNE KGMO 12 X 1 LT PET (PHHR),,,,2020-07-01T13:24:30.790Z,2020-07-01T13:24:30.790Z
ekgmo01i05,Individual,Oils,Kachi ghani mustard oil,Fortune kachi ghani mustard oil 2lt jar,https://www.adaniwilmar.com/-/media/project/wilmar/businesses/consumer-essentials/kachhi-ghani5462.jpg?h=250&la=en&w=195&hash=b0b94cf2529321c726105308edbb89e3,FORTUNE KGMO 6 X 2 LT PET BARNI (WM),,,,2020-07-01T13:24:30.790Z,2020-07-01T13:24:30.790Z
ekgmo01j05,Individual,Oils,Kachi ghani mustard oil,Fortune kachi ghani mustard oil 2lt jar,https://www.adaniwilmar.com/-/media/project/wilmar/businesses/consumer-essentials/kachhi-ghani5462.jpg?h=250&la=en&w=195&hash=b0b94cf2529321c726105308edbb89e3,FORTUNE KGMO 8 X 2 LT JAR,,,,2020-07-01T13:24:30.790Z,2020-07-01T13:24:30.790Z
ekgmo01j07,Individual,Oils,Kachi ghani mustard oil,Fortune kachi ghani mustard oil 5lt jar,https://www.adaniwilmar.com/-/media/project/wilmar/businesses/consumer-essentials/kachhi-ghani5462.jpg?h=250&la=en&w=195&hash=b0b94cf2529321c726105308edbb89e3,FORTUNE KGMO 4 X 5 LT JAR,,,,2020-07-01T13:24:30.790Z,2020-07-01T13:24:30.790Z
ekgmo01p02,Individual,Oils,Kachi ghani mustard oil,Fortune kachi ghani mustard oil 500ml,https://cdn.yellowmessenger.com/G0v0ZFpvgaav1591380035507.jpg,FORTUNE KGMO 24 X 500 ML PCH,,,,2020-07-01T13:24:30.790Z,2020-07-01T13:24:30.790Z
ekgmo01p03,Individual,Oils,Kachi ghani mustard oil,"	
fortune kachi ghani mustard oil 1lt pouch","https://d212y4fjk9i0rg.cloudfront.net/sites/default/files/02_0000_KGMO-new-1ltr-pouch-pack.png
",FORTUNE KGMO 12 X 1 LT PCH,,,,2020-07-01T13:24:30.790Z,2020-07-01T13:24:30.790Z
ekgmo01p03v1,Individual,Oils,Kachi ghani mustard oil,Fortune kachi ghani mustard oil 1 lt,https://d212y4fjk9i0rg.cloudfront.net/sites/default/files/02_0000_KGMO-new-1ltr-pouch-pack.png,FORTUNE KGMO 15 X 1 LT PCH,,,,2020-07-06T08:32:32.088Z,2020-07-01T13:24:30.790Z
ekgmo01p03v2,Individual,Oils,Kachi ghani mustard oil,Fortune kachi ghani mustard oil 1 lt,https://d212y4fjk9i0rg.cloudfront.net/sites/default/files/02_0000_KGMO-new-1ltr-pouch-pack.png,FORTUNE KGMO 16 X 1 LT PCH,1877,,,2020-07-06T08:32:17.615Z,2020-07-01T13:24:30.790Z
ekgmo01p03v2,Restaurants,Oils,Kachi ghani mustard oil,Fortune kachi ghani mustard oil 1 lt (12 pch),https://d212y4fjk9i0rg.cloudfront.net/sites/default/files/02_0000_KGMO-new-1ltr-pouch-pack.png,FORTUNE KGMO 16 X 1 LT PCH,1877,,,2020-07-01T13:24:30.790Z,2020-07-01T13:24:30.790Z
epgno01e03,Individual,Oils,Pure Groundnut oil,Fortune pure Groundnut oil 1lt pet,https://www.adaniwilmar.com/-/media/project/wilmar/businesses/consumer-essentials/fortunefilteredgroundnutoil29a2.jpg?h=250&la=en&w=195&hash=cbc35c6e5e345531d7d00f0ae9b8c97e,FORTUNE PURE GN OIL 12 X 1 LT PET,,,,2020-07-01T13:24:30.790Z,2020-07-01T13:24:30.790Z
epgno01j07,Individual,Oils,Pure Groundnut oil,Fortune pure Groundnut oil 5lt jar,https://www.adaniwilmar.com/-/media/Project/Wilmar/Businesses/consumer-essentials/FortuneFilteredGroundnutOil29a2.jpg?h=250&la=en&w=195&hash=CBC35C6E5E345531D7D00F0AE9B8C97E,FORTUNE PURE GN OIL 4 X 5 LT JAR,,,,2020-07-01T13:24:30.790Z,2020-07-01T13:24:30.790Z
epgno01j08,Individual,Oils,Pure Groundnut oil,Fortune pure Groundnut oil 15lt jar,https://www.adaniwilmar.com/-/media/project/wilmar/businesses/consumer-essentials/fortunefilteredgroundnutoil29a2.jpg?h=250&la=en&w=195&hash=cbc35c6e5e345531d7d00f0ae9b8c97e,FORTUNE PURE GN OIL 15 LT JAR,,,,2020-07-01T13:24:30.790Z,2020-07-01T13:24:30.790Z
epgno01p03,Individual,Oils,Pure Groundnut oil,Fortune pure Groundnut oil 1lt,https://cdn.yellowmessenger.com/1pGppG6oK3HW1591869613945.jpg,FORTUNE PURE GN OIL 12 X 1 LT PCH,,,,2020-07-01T13:24:30.790Z,2020-07-01T13:24:30.790Z
ercso01e03,Individual,Oils,Cotton lite oil,Fortune cotton 1 ltr pet,https://d212y4fjk9i0rg.cloudfront.net/sites/default/files/225x265_Products_0021_COTTONLITE-PET_0.png,FORTUNE REF COTTON OIL 12 X 1 LT PET,,,,2020-07-01T13:24:30.790Z,2020-07-01T13:24:30.790Z
ercso01j07,Individual,Oils,Cotton lite oil,Fortune cotton 5 ltr jar,https://d212y4fjk9i0rg.cloudfront.net/sites/default/files/225x265_Products_0019_Cottonlite-Plus-5-litre-Jar-FOP--latest-July_2.png,FORTUNE REF COTTON OIL 4 X 5 LT JAR,,,,2020-07-01T13:24:30.790Z,2020-07-01T13:24:30.790Z
ercso01j08,Individual,Oils,Cotton lite oil,Fortune cotton 15 ltr jar,https://d212y4fjk9i0rg.cloudfront.net/sites/default/files/225x265_Products_0018_Cotton-Light15-ltr-fornt-Tin.png,FORTUNE REF COTTON OIL 15 LT JAR,,,,2020-07-01T13:24:30.790Z,2020-07-01T13:24:30.790Z
ercso01p03,Individual,Oils,Cotton lite oil,Fortune cotton 1 ltr,https://d212y4fjk9i0rg.cloudfront.net/sites/default/files/225x265_Products_0020_Fortune-Cotton-Light-oil-FOP-1L_0.png,FORTUNE REF COTTON OIL 12 X 1 LT PCH,,,,2020-07-01T13:24:30.790Z,2020-07-01T13:24:30.790Z
ercso01t09,Individual,Oils,Cotton lite oil,Fortune cotton 15 kg tin,https://d212y4fjk9i0rg.cloudfront.net/sites/default/files/225x265_Products_0018_Cotton-Light15-ltr-fornt-Tin.png,FORTUNE REF COTTON OIL 15 KG TIN,,,,2020-07-01T13:24:30.790Z,2020-07-01T13:24:30.790Z
ergno01e03,Individual,Oils,Groundnut,Fortune ref Groundnut oil 1lt pet,https://cdn.yellowmessenger.com/hk7mgWsB9Clc1591778073816.jpg,FORTUNE REF GN OIL 12 X 1 LT PET,,,,2020-07-01T13:24:30.790Z,2020-07-01T13:24:30.790Z
ergno01j07,Individual,Oils,Groundnut,Fortune ref Groundnut oil 5lt jar,https://cdn.yellowmessenger.com/llOCWW2SFhqP1591778242554.jpg,FORTUNE REF GN OIL 4 X 5 LT JAR,,,,2020-07-01T13:24:30.790Z,2020-07-01T13:24:30.790Z
ergno01j08,Individual,Oils,Groundnut,Fortune ref Groundnut oil 15lt jar,https://cdn.yellowmessenger.com/9X5pEwFWDlwB1591777710728.jpg,FORTUNE REF GN OIL 15 LT JAR,,,,2020-07-01T13:24:30.790Z,2020-07-01T13:24:30.790Z
ergno01p03,Individual,Oils,Groundnut,Fortune ref Groundnut oil 1lt,https://cdn.yellowmessenger.com/mxiOvPnHrEI51591777812751.jpg,FORTUNE REF GN OIL 12 X 1 LT PCH,,,,2020-07-01T13:24:30.790Z,2020-07-01T13:24:30.790Z
errbo01e03,Individual,Oils,Rice bran health oil,Fortune rice bran health oil 1lt pet,https://d212y4fjk9i0rg.cloudfront.net/sites/default/files/fortune%20%283%29.png,FORTUNE RICE BRAN OIL 12 X 1 LT PET,,,,2020-07-01T13:24:30.790Z,2020-07-01T13:24:30.790Z
errbo01j07,Individual,Oils,Rice bran health oil,Fortune rice bran health oil 5lt jar,https://www.adaniwilmar.com/-/media/Project/Wilmar/Businesses/consumer-essentials/p2.jpg?h=250&la=en&w=195&hash=FA453911A94F753F162385FF0296CC2F,FORTUNE REF RICE BRAN OIL 4 X 5 LT JAR,,,,2020-07-01T13:24:30.790Z,2020-07-01T13:24:30.790Z
errbo01j07v1,Individual,Oils,Rice bran health oil,Fortune rice bran health oil 5lt jar,https://www.adaniwilmar.com/-/media/Project/Wilmar/Businesses/consumer-essentials/p2.jpg?h=250&la=en&w=195&hash=FA453911A94F753F162385FF0296CC2F,FORTUNE REF RICE BRAN OIL 4X5LT JAR-LM,,,,2020-07-01T13:24:30.790Z,2020-07-01T13:24:30.790Z
errbo01j07v2,Individual,Oils,Rice bran health oil,Fortune rice bran health oil 5lt jar,https://d2jy9m11ewc1wc.cloudfront.net/sites/default/files/225x265_Products_0004_FRBH_5Ltr_Front_210618_No-Offer.png,FORTUNE REF RB OIL 4X5 L JAR+PCH NEW MRP,,,,2020-07-01T13:24:30.790Z,2020-07-01T13:24:30.790Z
errbo01j08,Individual,Oils,Rice bran health oil,Fortune rice bran health oil 15lt jar,https://d212y4fjk9i0rg.cloudfront.net/sites/default/files/fortune%20%288%29.png,FORTUNE REF RICE BRAN OIL 15 LT JAR,,,,2020-07-01T13:24:30.790Z,2020-07-01T13:24:30.790Z
errbo01p03,Individual,Oils,Rice bran health oil,Fortune rice bran health oil 1lt,https://d212y4fjk9i0rg.cloudfront.net/sites/default/files/225x265_Products_0005_Fortune-Rice-Brand-Health-oil-1L.png,FORTUNE REF RICE BRAN OIL 12 X 1 LT PCH,,,,2020-07-01T13:24:30.790Z,2020-07-01T13:24:30.790Z
errbo04j07,Individual,Oils,Rice bran health oil,Fortune rice bran health oil 5lt jar,https://d2jy9m11ewc1wc.cloudfront.net/sites/default/files/225x265_Products_0004_FRBH_5Ltr_Front_210618_No-Offer.png,KINGS REF RICE BRAN OIL 4 X 5 LT JAR,,,,2020-07-01T13:24:30.790Z,2020-07-01T13:24:30.790Z
ersbo01e02,Individual,Oils,Soya health oil,Fortune soya health oil 500ml pet,https://fortunefoodscommerce.experiencecommerce.com/sites/default/files/02_0019_Soya-1-Litre-Pet.png,FORTUNE REF SOYA OIL 24 X 500 ML PET,,,,2020-07-01T13:24:30.790Z,2020-07-01T13:24:30.790Z
ersbo01e03,Individual,Oils,Soya health oil,Fortune soya health oil 1 lt pet,https://fortunefoodscommerce.experiencecommerce.com/sites/default/files/02_0019_Soya-1-Litre-Pet.png,FORTUNE REF SOYA OIL 12 X 1 LT PET,,,,2020-07-01T13:24:30.790Z,2020-07-01T13:24:30.790Z
ersbo01j05,Individual,Oils,Soya bean oil,Fortune soya bean oil,0,FORTUNE REF SOYA OIL 8 X 2 LT JAR,,,,2020-07-01T13:24:30.790Z,2020-07-01T13:24:30.790Z
ersbo01j07,Individual,Oils,Soya health oil,Fortune soya health oil 5 lt jar,https://fortunefoodscommerce.experiencecommerce.com/sites/default/files/02_0016_Soya-Health-5-litre-Jar_1.png,FORTUNE REF SOYA OIL 4 X 5 LT JAR,2205,,,2020-07-01T13:24:30.790Z,2020-07-01T13:24:30.790Z
ersbo01j08,Individual,Oils,Soya health oil,Fortune soya health oil 15 lt jar,https://d212y4fjk9i0rg.cloudfront.net/sites/default/files/02_0016_Soya-Health-5-litre-Jar_1.png,FORTUNE REF SOYA OIL 15 LT JAR,,,,2020-07-01T13:24:30.790Z,2020-07-01T13:24:30.790Z
ersbo01p02,Individual,Oils,Soya bean oil,Fortune soya bean oil,0,FORTUNE REF SOYA OIL 24 X 500 ML PCH,,,,2020-07-01T13:24:30.790Z,2020-07-01T13:24:30.790Z
ersbo01p03,Individual,Oils,Soya health oil,Fortune soya health oil 1 lt,https://fortunefoodscommerce.experiencecommerce.com/sites/default/files/02_0018_Soya-1L-Pouch.png,FORTUNE REF SOYA OIL 12 X 1 LT PCH,,,,2020-07-01T13:24:30.790Z,2020-07-01T13:24:30.790Z
ersbo01p03v2,Individual,Oils,Soya health oil,Fortune soya health oil 1 lt,https://fortunefoodscommerce.experiencecommerce.com/sites/default/files/02_0018_Soya-1L-Pouch.png,FORTUNE REF SOYA OIL 16 X 1 LT PCH,1654,,,2020-07-01T13:24:30.790Z,2020-07-01T13:24:30.790Z
ersbo02j07,Individual,Oils,Soya health oil,Fortune soya health oil 5 lt,https://d212y4fjk9i0rg.cloudfront.net/sites/default/files/02_0016_Soya-Health-5-litre-Jar_1.png,fortune Plus soya 5ltr jar,,,,2020-07-01T13:24:30.790Z,2020-07-01T13:24:30.790Z
ersbo02p03v1,Individual,Oils,Soya health oil,Fortune soya health oil 1 lt,https://fortunefoodscommerce.experiencecommerce.com/sites/default/files/02_0018_Soya-1L-Pouch.png,Fortune plus soya 1ltr pch,,,,2020-07-01T13:24:30.790Z,2020-07-01T13:24:30.790Z
ersfo01e02,Individual,Oils,Sun flower oil,Fortune sun flower oil 500 lt pet,https://fortunefoodscommerce.experiencecommerce.com/sites/default/files/02_0009_Sunlite-1-litre-Pet-AO-New-Pack.png,FORTUNE REF SF OIL 24 X 500 ML PET,,,,2020-07-01T13:24:30.790Z,2020-07-01T13:24:30.790Z
ersfo01e03,Individual,Oils,Sun flower oil,Fortune sun flower oil 1lt Pet,https://fortunefoodscommerce.experiencecommerce.com/sites/default/files/02_0009_Sunlite-1-litre-Pet-AO-New-Pack.png,FORTUNE REF SF OIL 12 X 1 LT PET,,,,2020-07-01T13:24:30.790Z,2020-07-01T13:24:30.790Z
ersfo01e05,Individual,Oils,Sun flower oil,Fortune sun flower oil 2lt pet,https://fortunefoodscommerce.experiencecommerce.com/sites/default/files/02_0009_Sunlite-1-litre-Pet-AO-New-Pack.png,FORTUNE REF SF OIL 8 X 2 LT PET,,,,2020-07-01T13:24:30.790Z,2020-07-01T13:24:30.790Z
ersfo01j07,Individual,Oils,Sun flower oil,Fortune sun flower oil 5lt jar,https://www.adaniwilmar.com/-/media/project/wilmar/businesses/consumer-essentials/sunlite4bbc.jpg?h=250&la=en&w=195&hash=3675291433136eae9541fff4727e66f2,FORTUNE REF SF OIL 4 X 5 LT JAR,,,,2020-07-01T13:24:30.790Z,2020-07-01T13:24:30.790Z
ersfo01j07v6,Individual,Oils,Sun flower oil,Fortune sun flower oil 5lt jar,https://www.adaniwilmar.com/-/media/project/wilmar/businesses/consumer-essentials/sunlite4bbc.jpg?h=250&la=en&w=195&hash=3675291433136eae9541fff4727e66f2,FORTUNE REF SF OIL 4 X 5 LT JAR-TELUGU,,,,2020-07-01T13:24:30.790Z,2020-07-01T13:24:30.790Z
ersfo01j07v7,Individual,Oils,Sun flower oil,Fortune sun flower oil 5lt jar,https://www.adaniwilmar.com/-/media/project/wilmar/businesses/consumer-essentials/sunlite4bbc.jpg?h=250&la=en&w=195&hash=3675291433136eae9541fff4727e66f2,FORTUNE REF SF OIL 4 X 5 LT JAR-KANNAD,,,,2020-07-01T13:24:30.790Z,2020-07-01T13:24:30.790Z
ersfo01j08,Individual,Oils,Sun flower oil,Fortune sun flower oil 15lt jar,https://cdn.yellowmessenger.com/2Zp4xI4y4YhO1591684561544.jpg,FORTUNE REF SF OIL 15 LT JAR,,,,2020-07-01T13:24:30.790Z,2020-07-01T13:24:30.790Z
ersfo01j08v1,Individual,Oils,Sun flower oil,Fortune sun flower oil 15lt jar,https://www.adaniwilmar.com/-/media/project/wilmar/businesses/consumer-essentials/sunlite4bbc.jpg?h=250&la=en&w=195&hash=3675291433136eae9541fff4727e66f2,FORTUNE REF SF OIL 15 LT JAR (TAP),,,,2020-07-01T13:24:30.790Z,2020-07-01T13:24:30.790Z
ersfo01p02,Individual,Oils,Sun flower oil,Fortune sun flower oil 500 lt pet,https://fortunefoodscommerce.experiencecommerce.com/sites/default/files/02_0009_Sunlite-1-litre-Pet-AO-New-Pack.png,FORTUNE REF SF OIL 24 X 500 ML PCH,,,,2020-07-01T13:24:30.790Z,2020-07-01T13:24:30.790Z
ersfo01p03,Individual,Oils,Sun flower oil,Fortune sun flower oil 1lt,https://d212y4fjk9i0rg.cloudfront.net/sites/default/files/02_0008_Sun-Light_1Ltr_PCH_New-Pack.png,FORTUNE REF SF OIL 12 X 1 LT PCH,,,,2020-07-01T13:24:30.790Z,2020-07-01T13:24:30.790Z
ersfo01p03v2,Restaurants,Oils,Sun flower oil,Fortune sun flower oil 1lt (16 pack),https://d212y4fjk9i0rg.cloudfront.net/sites/default/files/02_0008_Sun-Light_1Ltr_PCH_New-Pack.png,FORTUNE REF SF OIL 16 X 1 LT PCH,1786,,,2020-07-01T13:24:30.790Z,2020-07-01T13:24:30.790Z
ersfo01p03v2,Individual,Oils,Sun flower oil,Fortune sun flower oil 1lt,https://d212y4fjk9i0rg.cloudfront.net/sites/default/files/02_0008_Sun-Light_1Ltr_PCH_New-Pack.png,FORTUNE REF SF OIL 16 X 1 LT PCH,1786,,,2020-07-01T13:24:30.790Z,2020-07-01T13:24:30.790Z
ersfo01p03v4,Individual,Oils,Sun flower oil,Fortune sun flower oil 1lt,https://d212y4fjk9i0rg.cloudfront.net/sites/default/files/02_0008_Sun-Light_1Ltr_PCH_New-Pack.png,FORTUNE REF SF OIL 16 X 1 LT PCH-TELUGU,,,,2020-07-01T13:24:30.790Z,2020-07-01T13:24:30.790Z
ersfo01p03v7,Individual,Oils,Sun flower oil,Fortune sun flower oil 1lt,https://d212y4fjk9i0rg.cloudfront.net/sites/default/files/02_0008_Sun-Light_1Ltr_PCH_New-Pack.png,FORTUNE REF SF 10X1LT PCH,,,,2020-07-01T13:24:30.790Z,2020-07-01T13:24:30.790Z
ersfo01p03v8,Individual,Oils,Sun flower oil,Fortune sun flower oil 1lt,https://d212y4fjk9i0rg.cloudfront.net/sites/default/files/02_0008_Sun-Light_1Ltr_PCH_New-Pack.png,FORTUNE REF SF OIL 10X1LT PCH-KANNAD,,,,2020-07-01T13:24:30.790Z,2020-07-01T13:24:30.790Z
ersfo01t08,Individual,Oils,Sun flower oil,Fortune sun flower oil 15lt Tin,https://d212y4fjk9i0rg.cloudfront.net/sites/default/files/02_0004_Sunlite-15-ltr-fornt-Tin.png,FORTUNE REF SF OIL 15 LT TIN,,,,2020-07-01T13:24:30.790Z,2020-07-01T13:24:30.790Z
ersfo05p03,Individual,Oils,Sun flower oil,Fortune sun flower oil 1lt,https://d212y4fjk9i0rg.cloudfront.net/sites/default/files/02_0008_Sun-Light_1Ltr_PCH_New-Pack.png,AADHAAR REF SUNFLOWER OIL 12 X 1 LTR PCH,,,,2020-07-01T13:24:30.790Z,2020-07-01T13:24:30.790Z
fatta5091b09n1n,Individual,Food,Atta,Fortune regular chakki atta 5kg,https://www.adaniwilmar.com/-/media/project/wilmar/businesses/consumer-essentials/16.jpg?h=250&la=en&w=195&hash=6301293f968e06be983b6437ae65ef00,Fortune Regular Chakki Atta 6x5kg W2,,,,2020-07-01T13:24:30.790Z,2020-07-01T13:24:30.790Z
fatta5091b09n2e,Individual,Food,Atta,Fortune regular chakki atta 5kg,https://www.adaniwilmar.com/-/media/project/wilmar/businesses/consumer-essentials/16.jpg?h=250&la=en&w=195&hash=6301293f968e06be983b6437ae65ef00,FORTUNE REGULAR CHAKKI ATTA 6X5KGN2E,,,,2020-07-01T13:24:30.790Z,2020-07-01T13:24:30.790Z
fatta5091b09w1,Individual,Food,Atta,Fortune regular chakki atta 5kg,https://www.adaniwilmar.com/-/media/project/wilmar/businesses/consumer-essentials/16.jpg?h=250&la=en&w=195&hash=6301293f968e06be983b6437ae65ef00,FORTUNE REGULAR CHAKKI ATTA 6X5KG W1,,,,2020-07-01T13:24:30.790Z,2020-07-01T13:24:30.790Z
fatta5091b09w2,Individual,Food,Atta,Fortune regular chakki atta 5kg,https://www.adaniwilmar.com/-/media/project/wilmar/businesses/consumer-essentials/16.jpg?h=250&la=en&w=195&hash=6301293f968e06be983b6437ae65ef00,FORTUNE REGULAR CHAKKI ATTA 6X5KG W2,,,,2020-07-01T13:24:30.790Z,2020-07-01T13:24:30.790Z
fatta5091b09w2,Restaurants,Food,Atta,Fortune  chakki atta 5kg (6 pc),https://www.adaniwilmar.com/-/media/project/wilmar/businesses/consumer-essentials/16.jpg?h=250&la=en&w=195&hash=6301293f968e06be983b6437ae65ef00,FORTUNE REGULAR CHAKKI ATTA 6X5KG W2,1050,,,2020-07-01T13:24:30.790Z,2020-07-01T13:24:30.790Z
fatta5091b10cup,Individual,Food,Atta,Fortune regular chakki atta 10kg,https://www.adaniwilmar.com/-/media/project/wilmar/businesses/consumer-essentials/16.jpg?h=250&la=en&w=195&hash=6301293f968e06be983b6437ae65ef00,FORTUNE REGULAR CHAKKI ATTA 3X10KG CUP,,,,2020-07-01T13:24:30.790Z,2020-07-01T13:24:30.790Z
fatta5091b10n1n,Individual,Food,Atta,Fortune regular chakki atta 10kg,https://www.adaniwilmar.com/-/media/project/wilmar/businesses/consumer-essentials/16.jpg?h=250&la=en&w=195&hash=6301293f968e06be983b6437ae65ef00,Fortune Regular Chakki Atta 3x10kg W2,,,,2020-07-01T13:24:30.790Z,2020-07-01T13:24:30.790Z
fatta5091b10w1,Individual,Food,Atta,Fortune regular chakki atta 10kg,https://www.adaniwilmar.com/-/media/project/wilmar/businesses/consumer-essentials/16.jpg?h=250&la=en&w=195&hash=6301293f968e06be983b6437ae65ef00,FORTUNE REGULAR CHAKKI ATTA 3X10KG W1,,,,2020-07-01T13:24:30.790Z,2020-07-01T13:24:30.790Z
fatta5091b10w2,Restaurants,Food,Atta,Fortune  chakki atta 10kg (3 pc),https://www.adaniwilmar.com/-/media/project/wilmar/businesses/consumer-essentials/16.jpg?h=250&la=en&w=195&hash=6301293f968e06be983b6437ae65ef00,FORTUNE REGULAR CHAKKI ATTA 3X10KG W2,1050,,,2020-07-01T13:24:30.790Z,2020-07-01T13:24:30.790Z
fatta5091b10w2,Individual,Food,Atta,Fortune regular chakki atta 10kg,https://www.adaniwilmar.com/-/media/project/wilmar/businesses/consumer-essentials/16.jpg?h=250&la=en&w=195&hash=6301293f968e06be983b6437ae65ef00,FORTUNE REGULAR CHAKKI ATTA 3X10KG W2,,,,2020-07-01T13:24:30.790Z,2020-07-01T13:24:30.790Z
fatta5091p07v1n2e,Individual,Food,Atta,Fortune regular chakki atta 1kg,https://www.adaniwilmar.com/-/media/project/wilmar/businesses/consumer-essentials/16.jpg?h=250&la=en&w=195&hash=6301293f968e06be983b6437ae65ef00,FORTUNE REGULAR CHAKKI ATTA 30X1KG N2E,,,,2020-07-01T13:24:30.790Z,2020-07-01T13:24:30.790Z
fatta5091p07w1,Individual,Food,Atta,Fortune regular chakki atta 1kg,https://www.adaniwilmar.com/-/media/project/wilmar/businesses/consumer-essentials/16.jpg?h=250&la=en&w=195&hash=6301293f968e06be983b6437ae65ef00,FORTUNE REGULAR CHAKKI ATTA 30X1KG W1,1050,,,2020-07-01T13:24:30.790Z,2020-07-01T13:24:30.790Z
fatta5091p09cup,Individual,Food,Atta,Fortune regular chakki atta 5kg,https://www.adaniwilmar.com/-/media/project/wilmar/businesses/consumer-essentials/16.jpg?h=250&la=en&w=195&hash=6301293f968e06be983b6437ae65ef00,FORTUNE REGULAR CHAKKI ATTA 6X5KG CUP,,,,2020-07-01T13:24:30.790Z,2020-07-01T13:24:30.790Z
fbesa1011b10,Restaurants,Food,Besan,Fortune besan 10 kg,0,FORTUNE CHANA BESAN SUPERFINE 1X10KG BAG,765,,,2020-07-01T13:24:30.790Z,2020-07-01T13:24:30.790Z
fbesa1011p06,Individual,Food,Besan,Fortune besan 500g,https://www.adaniwilmar.com/-/media/project/wilmar/businesses/consumer-essentials/fortunechanadal.jpg?h=250&la=en&w=195&hash=560320eae3db3a90db42c5625b916ec8,FORTUNE CHANA BESAN SF 40X500g PCH,,,,2020-07-01T13:24:30.790Z,2020-07-01T13:24:30.790Z
fbesa1011p06v3,Individual,Food,Besan,Fortune besan 500g,https://www.adaniwilmar.com/-/media/project/wilmar/businesses/consumer-essentials/fortunechanadal.jpg?h=250&la=en&w=195&hash=560320eae3db3a90db42c5625b916ec8,FORTUNE CHANA BESAN GARGARA 20X500G PCH,,,,2020-07-01T13:24:30.790Z,2020-07-01T13:24:30.790Z
fbesa1011p07,Restaurants,Food,Besan,Fortune besan 20 kg,0,FORTUNE CHANA BESAN SF 20X1 KG PCH,1560,,,2020-07-01T13:24:30.790Z,2020-07-01T13:24:30.790Z
fbesa1013b10,Restaurants,Food,Besan,Fortune besan 10 kg superfine,0,BESAN 10 KG SUPERFINE,765,,,2020-07-01T13:24:30.790Z,2020-07-01T13:24:30.790Z
fbesa1013b10r,Restaurants,Food,Besan,Fortune besan 10 kg,0,CHANA BESAN SF 10 KG BAG(RED),765,,,2020-07-01T13:24:30.790Z,2020-07-01T13:24:30.790Z
fbesa1014b10,Restaurants,Food,Besan,Fortune chana besan 10 kg superfine,0,FC CHANA BESAN 1X10 KG SUPERFINE,765,,,2020-07-01T13:24:30.790Z,2020-07-01T13:24:30.790Z
fbesa1021p06,Individual,Food,Besan,Fortune besan 500g,https://www.adaniwilmar.com/-/media/project/wilmar/businesses/consumer-essentials/fortunechanadal.jpg?h=250&la=en&w=195&hash=560320eae3db3a90db42c5625b916ec8,FORTUNE CHANA BESAN GARGARA 40X500g PCH,,,,2020-07-01T13:24:30.790Z,2020-07-01T13:24:30.790Z
fbesa1024b10,Restaurants,Food,Besan,Fortune chana besan 10 kg,0,FC CHANA BESAN GARGARA 1X10 KG BAG,765,,,2020-07-01T13:24:30.790Z,2020-07-01T13:24:30.790Z
fbesa1024b10,Individual,Food,Besan,Fortune besan 1 kg,https://www.adaniwilmar.com/-/media/project/wilmar/businesses/consumer-essentials/fortunechanadal.jpg?h=250&la=en&w=195&hash=560320eae3db3a90db42c5625b916ec8,FC CHANA BESAN GARGARA 1X10 KG BAG,765,,,2020-07-01T13:24:30.790Z,2020-07-01T13:24:30.790Z
fbesa2011p07,Individual,Food,Besan,Fortune matar besan,https://www.adaniwilmar.com/-/media/project/wilmar/businesses/consumer-essentials/fortunechanadal.jpg?h=250&la=en&w=195&hash=560320eae3db3a90db42c5625b916ec8,FORTUNE SF MATAR BESAN 20X1 KG PCH,,,,2020-07-01T13:24:30.790Z,2020-07-01T13:24:30.790Z
fbesa2013b10,Restaurants,Food,Besan,Fortune matar besan 10 kg,0,SUPER FINE MATAR BESAN 1X10KG BAG,765,,,2020-07-01T13:24:30.790Z,2020-07-01T13:24:30.790Z
fbr01bl0115p04,Individual,Food,Basmati rice,Fortune rozana rice 1kg,https://d212y4fjk9i0rg.cloudfront.net/sites/default/files/01_0016_Rozana-1Kg-01-FOP_1.png,Fortune Rozana ST Rice T/D 20x1KG PH CAR,,,,2020-07-01T13:24:30.790Z,2020-07-01T13:24:30.790Z
fbr01bl0115p07,Restaurants,Food,Basmati rice,Fortune rozana rice 5kg (4pc),https://d212y4fjk9i0rg.cloudfront.net/sites/default/files/01_0006_Rozana-Basmati-Rice-New_FOP.png,FORTUNE ROZANA ST RICE T/D  4X5KG PH CAR,1170,,,2020-07-01T13:24:30.790Z,2020-07-01T13:24:30.790Z
fbr01du0102p04,Individual,Food,Basmati rice,Fortune rozana rice 1kg,https://d212y4fjk9i0rg.cloudfront.net/sites/default/files/01_0016_Rozana-1Kg-01-FOP_1.png,FORTUNE EVERYDAY ROZANA STEAM 20X1 KG,,,,2020-07-01T13:24:30.790Z,2020-07-01T13:24:30.790Z
fbr01du0102p04v2,Individual,Food,Basmati rice,Fortune rozana rice 1kg,https://d212y4fjk9i0rg.cloudfront.net/sites/default/files/01_0016_Rozana-1Kg-01-FOP_1.png,FORTUNE EVERYDAY ROZANA STEAM 20X1KG BAG,,,,2020-07-01T13:24:30.790Z,2020-07-01T13:24:30.790Z
fbr01du0102p04v3,Individual,Food,Basmati rice,Fortune rozana rice 1kg,https://d212y4fjk9i0rg.cloudfront.net/sites/default/files/01_0016_Rozana-1Kg-01-FOP_1.png,FORTUNE ROZANA ST RICE 20X1 KG PH BAG,,,,2020-07-01T13:24:30.790Z,2020-07-01T13:24:30.790Z
fbr01du0102p07,Individual,Food,Basmati rice,Fortune rozana rice 5kg (4pc),https://d212y4fjk9i0rg.cloudfront.net/sites/default/files/01_0006_Rozana-Basmati-Rice-New_FOP.png,FORTUNE EVERYDAY ROZANA STEAM 4X5 KG,1170,,,2020-07-01T13:24:30.790Z,2020-07-01T13:24:30.790Z
fbr01du0102p07,Restaurants,Food,Basmati rice,Fortune rozana rice 5kg (4pc),https://d212y4fjk9i0rg.cloudfront.net/sites/default/files/01_0006_Rozana-Basmati-Rice-New_FOP.png,FORTUNE EVERYDAY ROZANA STEAM 4X5 KG,1170,,,2020-07-01T13:24:30.790Z,2020-07-01T13:24:30.790Z
fbr01du0102p07v1,Individual,Food,Basmati rice,Fortune rozana rice 5kg,https://d212y4fjk9i0rg.cloudfront.net/sites/default/files/01_0006_Rozana-Basmati-Rice-New_FOP.png,FORTUNE EVERYDAY ROZANA STEAM 4X5 KG,,,,2020-07-01T13:24:30.790Z,2020-07-01T13:24:30.790Z
fbr01du0102p07v2,Individual,Food,Basmati rice,Fortune rozana rice 5kg,https://d212y4fjk9i0rg.cloudfront.net/sites/default/files/01_0006_Rozana-Basmati-Rice-New_FOP.png,FORTUNE EVERYDAY ROZANA STEAM 4X5KG BAG,,,,2020-07-01T13:24:30.790Z,2020-07-01T13:24:30.790Z
fbr01du0102p07v3,Individual,Food,Basmati rice,Fortune rozana rice 5kg,https://d212y4fjk9i0rg.cloudfront.net/sites/default/files/01_0006_Rozana-Basmati-Rice-New_FOP.png,Fortune Rozana St Rice T/dÂ  4x5kg Ph Car,,,,2020-07-01T13:24:30.790Z,2020-07-01T13:24:30.790Z
fbr01hr0101p04,Individual,Food,Basmati rice,Fortune briyani special basmati rice 1kg,https://d212y4fjk9i0rg.cloudfront.net/sites/default/files/01_0019_Biryani-Special-1-Kg--01-FOP_1.png,FORTUNE BIRYSPB RICE ST FG 20X1KG PH,,,,2020-07-01T13:24:30.790Z,2020-07-01T13:24:30.790Z
fbr01hr0101p07,Individual,Food,Basmati rice,Fortune briyani special basmati rice 5kg,https://d212y4fjk9i0rg.cloudfront.net/sites/default/files/01_0012_Biriyani-Special-5Kg-Basmati-Rice-New_FOP.png,FORTUNE BIRYSPB RICE ST FG 4X5KG PP CAR,2120,,,2020-07-01T13:24:30.790Z,2020-07-01T13:24:30.790Z
fbr01hr0101p07,Restaurants,Food,Basmati rice,Fortune briyani special rice 5kg (4pc),https://d212y4fjk9i0rg.cloudfront.net/sites/default/files/01_0012_Biriyani-Special-5Kg-Basmati-Rice-New_FOP.png,FORTUNE BIRYSPB RICE ST FG 4X5KG PP CAR,2120,,,2020-07-01T13:24:30.790Z,2020-07-01T13:24:30.790Z
fbr01hr0102b07,Individual,Food,Basmati rice,Fortune everyday basmati 5kg,https://cdn.yellowmessenger.com/KVRyoH2VxLIx1593064197522.jpg,FORTUNE EVRYDAYB RICE ST FG 4X5KG PP BAG,,,,2020-07-01T13:24:30.790Z,2020-07-01T13:24:30.790Z
fbr01hr0102p04,Individual,Food,Basmati rice,Fortune everyday basmati 1kg,https://www.adaniwilmar.com/-/media/project/wilmar/businesses/consumer-essentials/fortune-everyday-5kg3385.jpg?h=250&la=en&w=195&hash=1fbf12516abb09fa8ae2827164b0999c,FORTUNE EVERYDAYB RICE ST FG 20X1KG PH,,,,2020-07-01T13:24:30.790Z,2020-07-01T13:24:30.790Z
fbr01hr0102p07,Restaurants,Food,Basmati rice,Fortune hamesha 5kg (4pc),https://cdn.yellowmessenger.com/S7Ao0bNOHmcD1591381153537.jpg,FORTUNE EVERYDAY HAMESHA ST 4X5 KG,1120,,,2020-07-01T13:24:30.790Z,2020-07-01T13:24:30.790Z
fbr01hr0103b10,Restaurants,Food,Basmati rice,Fortune golden chef 25kg,https://cdn.yellowmessenger.com/zMgMQGlVqVCg1591790800140.jpg,FORTUNE GLDNCHF ST RICE FG 1X25KG NW BAG,2125,,,2020-07-01T13:24:30.790Z,2020-07-01T13:24:30.790Z
fbr01hr0103b10v2,Restaurants,Food,Basmati rice,Fortune golden chef 25kg,https://cdn.yellowmessenger.com/jrq1ohJt6f0Q1591791137922.jpg,FORTUNE GOLDEN CHEF ALA CARTE 1X25KG BAG,2125,,,2020-07-01T13:24:30.790Z,2020-07-01T13:24:30.790Z
fbr01hr0103b10v3,Restaurants,Food,Basmati rice,Fortune golden chef 25kg,https://cdn.yellowmessenger.com/7JhIWkTjxNmM1591791300807.jpg,FORTUNE GOLDEN CHEF CELE 1X25KG BAG,2125,,,2020-07-01T13:24:30.790Z,2020-07-01T13:24:30.790Z
fbr01hr0110p04s1,Individual,Food,Basmati rice,Fortune super 30%extra 1.3Kg,https://cdn.yellowmessenger.com/lmyfWTnhJ4CH1591792247542.jpg,FORTUNE SUPER 30%EXTRA BR 20X1.3KG PH,,,,2020-07-01T13:24:30.790Z,2020-07-01T13:24:30.790Z
fbr01hr0110p04s3,Individual,Food,Basmati rice,Fortune super 25% extra 1.25Kg,https://d212y4fjk9i0rg.cloudfront.net/sites/default/files/01_0015_Super-1Kg-25%25-Extra-01-FOP_1.png,FORTUNE SUPER 25% BR RAW FG 20X1.25KG,,,,2020-07-01T13:24:30.790Z,2020-07-01T13:24:30.790Z
fbr01hr0110p07s1,Individual,Food,Basmati rice,Fortune super 30%extra 6.5Kg,https://cdn.yellowmessenger.com/sUlzQA19eCsi1591792559592.jpg,FORTUNE SUPER 30%EXTRA BR 4X6.5KGPH SCH,,,,2020-07-01T13:24:30.790Z,2020-07-01T13:24:30.790Z
fbr01m20102b07,Individual,Food,Basmati rice,Fortune mini morgra ii 5 kg,https://cdn.yellowmessenger.com/lFtaRW6zSAl41591381405919.jpg,FORTUNE MM II II BASMATI RICE - 4X5KG,,,,2020-07-01T13:24:30.790Z,2020-07-01T13:24:30.790Z
fbr01mm0102b07,Individual,Food,Basmati rice,Fortune mini morgra 5 kg,https://cdn.yellowmessenger.com/mgQXfIsAtpoU1591381508473.jpg,FORTUNE MM BASMATI RICE - 4X5KG,,,,2020-07-01T13:24:30.790Z,2020-07-01T13:24:30.790Z
fbr01mo0102b07,Individual,Food,Basmati rice,Fortune morgra 5 kg,https://cdn.yellowmessenger.com/hMHS0vr9fEK41591381585780.jpg,FORTUNE MOGRA BASMATI RICE - 4X5KG,,,,2020-07-01T13:24:30.790Z,2020-07-01T13:24:30.790Z
fbr02du0110p04,Individual,Food,Basmati rice,Fortune super dubar 1kg,https://cdn.yellowmessenger.com/bOxnPBI2zA6l1591380786077.jpg,FORTUNE SUPER DUBAR RW BR 20X1KG,,,,2020-07-01T13:24:30.790Z,2020-07-01T13:24:30.790Z
fbr02hr0110p04v1,Individual,Food,Basmati rice,Fortune super 1kg,https://cdn.yellowmessenger.com/bVmMAtHKDevC1591792436819.jpg,FORTUNE SUPER BR 20X1KG PH (STK),,,,2020-07-01T13:24:30.790Z,2020-07-01T13:24:30.790Z
fbr06hr0104p07,Individual,Food,Basmati rice,Fortune hamesha 5kg,https://cdn.yellowmessenger.com/WJGixCEFgTPh1591381166472.jpg,FORTUNE HAMESHA BRICE BL BN 4X5 KG BAG,,,,2020-07-01T13:24:30.790Z,2020-07-01T13:24:30.790Z
fbr08hr0121p04,Individual,Food,Basmati rice,Fortune classic briyani basmati rice 1kg,https://d212y4fjk9i0rg.cloudfront.net/sites/default/files/Biryani%20Classic%201Kg-01%20FOP_1.jpg,FORTUNE CLASSIC BIRYANI BR - 20X1KG CAR,,,,2020-07-01T13:24:30.790Z,2020-07-01T13:24:30.790Z
fbr08hr0121p07,Restaurants,Food,Basmati rice,Fortune classic briyani rice 5kg (4pc),https://d212y4fjk9i0rg.cloudfront.net/sites/default/files/01_0011_Classic-5Kg--Basmati-Rice-New_FOP.png,FORTUNE CLASSIC BIRYANI BR - 4X5KG CAR,2808,,,2020-07-01T13:24:30.790Z,2020-07-01T13:24:30.790Z
fbr08hr0121p07,Individual,Food,Basmati rice,Fortune classic briyani basmati rice 5kg,https://d212y4fjk9i0rg.cloudfront.net/sites/default/files/01_0011_Classic-5Kg--Basmati-Rice-New_FOP.png,FORTUNE CLASSIC BIRYANI BR - 4X5KG CAR,2808,,,2020-07-01T13:24:30.790Z,2020-07-01T13:24:30.790Z
fnr02hr0122b08v1,Individual,Food,Non basmati,Fortune sona masoori regular 10kg,https://cdn.yellowmessenger.com/EbxsvIeszurT1591792142459.jpg,FORTUNE SONA MASOORI REGULAR-4X10KG,,,,2020-07-01T13:24:30.790Z,2020-07-01T13:24:30.790Z
fnr02hr0122p07,Individual,Food,Non basmati,Fortune sona masoori regular 5kg,https://cdn.yellowmessenger.com/d4gvFHUR6b1t1591381720983.jpg,FORTUNE SONA MASOORI REGULAR - 4X5KG,,,,2020-07-01T13:24:30.790Z,2020-07-01T13:24:30.790Z
fnr02hr0125p07,Individual,Food,Non basmati,Fortune sona masoori supreme 5kg,https://cdn.yellowmessenger.com/lmyfWTnhJ4CH1591792247542.jpg,FORTUNE SONA MASOORI SUPREME - 4X5KG,,,,2020-07-01T13:24:30.790Z,2020-07-01T13:24:30.790Z
fnr02hr0137p02v1,Individual,Food,Ready to Cook,Bengali khichdi 200g,https://d212y4fjk9i0rg.cloudfront.net/sites/default/files/Sunlite-5ltr-Jar-Fortfied-new_0003_Bengali-khichdi_1.png,FOR SUPERFOOD BENGALI KHICHDI 60X200G,,,,2020-07-01T13:24:30.790Z,2020-07-01T13:24:30.790Z
fnr04hr0141b08,Individual,Food,Non basmati,Fortune banskathi 10kg,https://cdn.yellowmessenger.com/rQMXlzECk9q51591382036152.jpg,FORTUNE BANSKATHI-4X10KG WPP BAG,,,,2020-07-01T13:24:30.790Z,2020-07-01T13:24:30.790Z
fnugg3061p01,Individual,Food,Nugget,Fortune soya bari 50gm,https://www.adaniwilmar.com/-/media/project/wilmar/businesses/consumer-essentials/soya-chunk-new-pack---left.jpg?h=250&la=en&w=195&hash=49c48dbd90efd40a5ff9564721d63d3f,FORTUNE SOYA BARI 320X50GM PCH(BAG),,,,2020-07-01T13:24:30.790Z,2020-07-01T13:24:30.790Z
fnugg3061p01s1,Individual,Food,Nugget,Fortune soya bari 50gm,https://www.adaniwilmar.com/-/media/project/wilmar/businesses/consumer-essentials/soya-chunk-new-pack---left.jpg?h=250&la=en&w=195&hash=49c48dbd90efd40a5ff9564721d63d3f,FORTUNE SOYA BARI 320X45GM PCH 10% EX,,,,2020-07-01T13:24:30.790Z,2020-07-01T13:24:30.790Z
fnugg3061p02,Individual,Food,Nugget,Fortune soya bari 90 gm,https://www.adaniwilmar.com/-/media/project/wilmar/businesses/consumer-essentials/soya-chunk-new-pack---left.jpg?h=250&la=en&w=195&hash=49c48dbd90efd40a5ff9564721d63d3f,FORTUNE SOYA BARI 160X90GM PCH (BAG),,,,2020-07-01T13:24:30.790Z,2020-07-01T13:24:30.790Z
fnugg3061p04,Individual,Food,Nugget,Fortune soya bari 200gm,https://d212y4fjk9i0rg.cloudfront.net/sites/default/files/02_0021_Soya-Chunks-200g---3D_0.png,FORTUNE SOYA BARI 200GMX50 LC,,,,2020-07-01T13:24:30.790Z,2020-07-01T13:24:30.790Z
fnugg3061p04s1,Individual,Food,Nugget,Fortune soya bari 200gm,https://d212y4fjk9i0rg.cloudfront.net/sites/default/files/02_0021_Soya-Chunks-200g---3D_0.png,FORTUNE SOYA BARI 50X200G  LC 25GM EX SC,,,,2020-07-01T13:24:30.790Z,2020-07-01T13:24:30.790Z
fnugg3061p07,Individual,Food,Nugget,Fortune soya bari 1kg,https://d212y4fjk9i0rg.cloudfront.net/sites/default/files/02_0024_Soya-Chanks-1KG--FOP_0.png,FORTUNE SOYA BARI 20X1KG PCH (BAG),,,,2020-07-01T13:24:30.790Z,2020-07-01T13:24:30.790Z
fnugg3061p07s1,Individual,Food,Nugget,Fortune soya bari 1kg,https://d212y4fjk9i0rg.cloudfront.net/sites/default/files/02_0024_Soya-Chanks-1KG--FOP_0.png,FORTUNE SOYA BARI 20X1KG PCH 10% EX,,,,2020-07-01T13:24:30.790Z,2020-07-01T13:24:30.790Z
fpuls9121b07,Individual,Food,Pulses,Arhar dal unpolished 1 kg,https://d212y4fjk9i0rg.cloudfront.net/sites/default/files/225x265_Products_0017_Arhar-Dal-1kg-FOP.png,FORTUNE ARHAR DAL UNPOLISHED 20X1KG BAG,,,,2020-07-01T13:24:30.790Z,2020-07-01T13:24:30.790Z
fpuls9121p07,Individual,Food,Pulses,Arhar dal unpolished 1 kg,https://d212y4fjk9i0rg.cloudfront.net/sites/default/files/225x265_Products_0017_Arhar-Dal-1kg-FOP.png,FORTUNE ARHAR DAL UNPOLISHED 10X1 KG PCH,,,,2020-07-01T13:24:30.790Z,2020-07-01T13:24:30.790Z
fpuls9141p07,Individual,Food,Pulses,Arhar dal popular 1 kg,https://d212y4fjk9i0rg.cloudfront.net/sites/default/files/1kg_Arhar_Front_1.png,FORTUNE ARHAR DAL POPULAR 20 X1 KG PCH,,,,2020-07-01T13:24:30.790Z,2020-07-01T13:24:30.790Z
zfbr08hr0121p04,Individual,Food,Basmati rice,Fortune classic briyani basmati rice 1kg,https://d212y4fjk9i0rg.cloudfront.net/sites/default/files/Biryani%20Classic%201Kg-01%20FOP_1.jpg,FORTUNE CLASSIC BIRYANI BR - 1 KG POUCH,,,,2020-07-01T13:24:30.790Z,2020-07-01T13:24:30.790Z
fsugr14251p07,Individual,Food,Sugar,Fortune Sugar 1KG,https://www.adaniwilmar.com/-/media/Project/Wilmar/Businesses/consumer-essentials/Fortune-Unpolished-ArharToor-Dal/Fortune-Sugar.jpg?h=250&la=en&w=195&hash=9A05C8DA2A738A8E72D0901D40180315,FORTUNE SUGAR 25 X 1KG BAG,,,,2020-07-01T13:24:30.790Z,2020-07-01T13:24:30.790Z
fpuls7141p06,Individual,Food,Pulses,Fortune Masoor 500gm,0,FORTUNE MASOOR CHHANTI 20X500 GRM PCH,,,,2020-07-01T13:24:30.790Z,2020-07-01T13:24:30.790Z
fpuls7141p07,Individual,Food,Pulses,Fortune Masoor 1KG,0,FORTUNE MASOOR CHHANTI 10x1 KG PCH,,,,2020-07-01T13:24:30.790Z,2020-07-01T13:24:30.790Z
fatta5091b10w2,Bakery,Food,Atta,Fortune  chakki atta 10kg (3 pc),https://www.adaniwilmar.com/-/media/project/wilmar/businesses/consumer-essentials/16.jpg?h=250&la=en&w=195&hash=6301293f968e06be983b6437ae65ef00,FORTUNE REGULAR CHAKKI ATTA 3X10KG W2,1050,,,2020-07-01T13:24:30.790Z,2020-07-01T13:24:30.790Z
fatta5091b10w2,Retailers,Food,Atta,Fortune  chakki atta 10kg (3 pc),https://www.adaniwilmar.com/-/media/project/wilmar/businesses/consumer-essentials/16.jpg?h=250&la=en&w=195&hash=6301293f968e06be983b6437ae65ef00,FORTUNE REGULAR CHAKKI ATTA 3X10KG W2,1050,,,2020-07-01T13:24:30.790Z,2020-07-01T13:24:30.790Z
fatta5091p07w1,Restaurants,Food,Atta,Fortune  chakki atta 30kg,https://www.adaniwilmar.com/-/media/project/wilmar/businesses/consumer-essentials/16.jpg?h=250&la=en&w=195&hash=6301293f968e06be983b6437ae65ef00,FORTUNE REGULAR CHAKKI ATTA 30X1KG W1,1050,,,2020-07-01T13:24:30.790Z,2020-07-01T13:24:30.790Z
fatta5091p07w1,Bakery,Food,Atta,Fortune  chakki atta 30kg,https://www.adaniwilmar.com/-/media/project/wilmar/businesses/consumer-essentials/16.jpg?h=250&la=en&w=195&hash=6301293f968e06be983b6437ae65ef00,FORTUNE REGULAR CHAKKI ATTA 30X1KG W1,1050,,,2020-07-01T13:24:30.790Z,2020-07-01T13:24:30.790Z
fatta5091p07w1,Retailers,Food,Atta,Fortune  chakki atta 30kg,https://www.adaniwilmar.com/-/media/project/wilmar/businesses/consumer-essentials/16.jpg?h=250&la=en&w=195&hash=6301293f968e06be983b6437ae65ef00,FORTUNE REGULAR CHAKKI ATTA 30X1KG W1,1050,,,2020-07-01T13:24:30.790Z,2020-07-01T13:24:30.790Z
fatta5091p07w2,Restaurants,Food,Atta,Fortune  chakki atta 30kg,https://www.adaniwilmar.com/-/media/project/wilmar/businesses/consumer-essentials/16.jpg?h=250&la=en&w=195&hash=6301293f968e06be983b6437ae65ef00,FORTUNE REGULAR CHAKKI ATTA 30X1KG W2,1050,,,2020-07-01T13:24:30.790Z,2020-07-01T13:24:30.790Z
fatta5091p07w2,Bakery,Food,Atta,Fortune  chakki atta 30kg,https://www.adaniwilmar.com/-/media/project/wilmar/businesses/consumer-essentials/16.jpg?h=250&la=en&w=195&hash=6301293f968e06be983b6437ae65ef00,FORTUNE REGULAR CHAKKI ATTA 30X1KG W2,1050,,,2020-07-01T13:24:30.790Z,2020-07-01T13:24:30.790Z
fatta5091p07w2,Retailers,Food,Atta,Fortune  chakki atta 30kg,https://www.adaniwilmar.com/-/media/project/wilmar/businesses/consumer-essentials/16.jpg?h=250&la=en&w=195&hash=6301293f968e06be983b6437ae65ef00,FORTUNE REGULAR CHAKKI ATTA 30X1KG W2,1050,,,2020-07-01T13:24:30.790Z,2020-07-01T13:24:30.790Z
fatta5091b09w2,Bakery,Food,Atta,Fortune  chakki atta 5kg (6 pc),https://www.adaniwilmar.com/-/media/project/wilmar/businesses/consumer-essentials/16.jpg?h=250&la=en&w=195&hash=6301293f968e06be983b6437ae65ef00,FORTUNE REGULAR CHAKKI ATTA 6X5KG W2,1050,,,2020-07-01T13:24:30.790Z,2020-07-01T13:24:30.790Z
fatta5091b09w2,Retailers,Food,Atta,Fortune  chakki atta 5kg (6 pc),https://www.adaniwilmar.com/-/media/project/wilmar/businesses/consumer-essentials/16.jpg?h=250&la=en&w=195&hash=6301293f968e06be983b6437ae65ef00,FORTUNE REGULAR CHAKKI ATTA 6X5KG W2,1050,,,2020-07-01T13:24:30.790Z,2020-07-01T13:24:30.790Z
fbesa1021p07,Individual,Food,Besan,Fortune besan 1 kg,https://www.adaniwilmar.com/-/media/project/wilmar/businesses/consumer-essentials/fortunechanadal.jpg?h=250&la=en&w=195&hash=560320eae3db3a90db42c5625b916ec8,FORTUNE CHANA BESAN GARGARA 20X1 KG PCH,1560,,,2020-07-01T13:24:30.790Z,2020-07-01T13:24:30.790Z
fbesa1013b10r,Bakery,Food,Besan,Fortune besan 10 kg,0,CHANA BESAN SF 10 KG BAG(RED),765,,,2020-07-01T13:24:30.790Z,2020-07-01T13:24:30.790Z
fbesa1013b10r,Retailers,Food,Besan,Fortune besan 10 kg,0,CHANA BESAN SF 10 KG BAG(RED),765,,,2020-07-01T13:24:30.790Z,2020-07-01T13:24:30.790Z
fbesa1011b10,Bakery,Food,Besan,Fortune besan 10 kg,0,FORTUNE CHANA BESAN SUPERFINE 1X10KG BAG,765,,,2020-07-01T13:24:30.790Z,2020-07-01T13:24:30.790Z
fbesa1011b10,Retailers,Food,Besan,Fortune besan 10 kg,0,FORTUNE CHANA BESAN SUPERFINE 1X10KG BAG,765,,,2020-07-01T13:24:30.790Z,2020-07-01T13:24:30.790Z
fbesa1013b10,Bakery,Food,Besan,Fortune besan 10 kg superfine,0,BESAN 10 KG SUPERFINE,765,,,2020-07-01T13:24:30.790Z,2020-07-01T13:24:30.790Z
fbesa1013b10,Retailers,Food,Besan,Fortune besan 10 kg superfine,0,BESAN 10 KG SUPERFINE,765,,,2020-07-01T13:24:30.790Z,2020-07-01T13:24:30.790Z
fbesa1021p07,Restaurants,Food,Besan,Fortune besan 20 kg,0,FORTUNE CHANA BESAN GARGARA 20X1 KG PCH,1560,,,2020-07-01T13:24:30.790Z,2020-07-01T13:24:30.790Z
fbesa1021p07,Bakery,Food,Besan,Fortune besan 20 kg,0,FORTUNE CHANA BESAN GARGARA 20X1 KG PCH,1560,,,2020-07-01T13:24:30.790Z,2020-07-01T13:24:30.790Z
fbesa1021p07,Retailers,Food,Besan,Fortune besan 20 kg,0,FORTUNE CHANA BESAN GARGARA 20X1 KG PCH,1560,,,2020-07-01T13:24:30.790Z,2020-07-01T13:24:30.790Z
fbesa1011p07,Bakery,Food,Besan,Fortune besan 20 kg,0,FORTUNE CHANA BESAN SF 20X1 KG PCH,1560,,,2020-07-01T13:24:30.790Z,2020-07-01T13:24:30.790Z
fbesa1011p07,Retailers,Food,Besan,Fortune besan 20 kg,0,FORTUNE CHANA BESAN SF 20X1 KG PCH,1560,,,2020-07-01T13:24:30.790Z,2020-07-01T13:24:30.790Z
fbr01hr0101p07,Bakery,Food,Basmati rice,Fortune briyani special rice 5kg (4pc),https://d212y4fjk9i0rg.cloudfront.net/sites/default/files/01_0012_Biriyani-Special-5Kg-Basmati-Rice-New_FOP.png,FORTUNE BIRYSPB RICE ST FG 4X5KG PP CAR,2120,,,2020-07-01T13:24:30.790Z,2020-07-01T13:24:30.790Z
fbr01hr0101p07,Retailers,Food,Basmati rice,Fortune briyani special rice 5kg (4pc),https://d212y4fjk9i0rg.cloudfront.net/sites/default/files/01_0012_Biriyani-Special-5Kg-Basmati-Rice-New_FOP.png,FORTUNE BIRYSPB RICE ST FG 4X5KG PP CAR,2120,,,2020-07-01T13:24:30.790Z,2020-07-01T13:24:30.790Z
fbesa1024b10,Bakery,Food,Besan,Fortune chana besan 10 kg,0,FC CHANA BESAN GARGARA 1X10 KG BAG,765,,,2020-07-01T13:24:30.790Z,2020-07-01T13:24:30.790Z
fbesa1024b10,Retailers,Food,Besan,Fortune chana besan 10 kg,0,FC CHANA BESAN GARGARA 1X10 KG BAG,765,,,2020-07-01T13:24:30.790Z,2020-07-01T13:24:30.790Z
fbesa1014b10,Bakery,Food,Besan,Fortune chana besan 10 kg superfine,0,FC CHANA BESAN 1X10 KG SUPERFINE,765,,,2020-07-01T13:24:30.790Z,2020-07-01T13:24:30.790Z
fbesa1014b10,Retailers,Food,Besan,Fortune chana besan 10 kg superfine,0,FC CHANA BESAN 1X10 KG SUPERFINE,765,,,2020-07-01T13:24:30.790Z,2020-07-01T13:24:30.790Z
fbr08hr0121p07,Bakery,Food,Basmati rice,Fortune classic briyani rice 5kg (4pc),https://d212y4fjk9i0rg.cloudfront.net/sites/default/files/01_0011_Classic-5Kg--Basmati-Rice-New_FOP.png,FORTUNE CLASSIC BIRYANI BR - 4X5KG CAR,2808,,,2020-07-01T13:24:30.790Z,2020-07-01T13:24:30.790Z
fbr08hr0121p07,Retailers,Food,Basmati rice,Fortune classic briyani rice 5kg (4pc),https://d212y4fjk9i0rg.cloudfront.net/sites/default/files/01_0011_Classic-5Kg--Basmati-Rice-New_FOP.png,FORTUNE CLASSIC BIRYANI BR - 4X5KG CAR,2808,,,2020-07-01T13:24:30.790Z,2020-07-01T13:24:30.790Z
fbr01hr0103b10,Bakery,Food,Basmati rice,Fortune golden chef 25kg,https://cdn.yellowmessenger.com/zMgMQGlVqVCg1591790800140.jpg,FORTUNE GLDNCHF ST RICE FG 1X25KG NW BAG,2125,,,2020-07-01T13:24:30.790Z,2020-07-01T13:24:30.790Z
fbr01hr0103b10,Retailers,Food,Basmati rice,Fortune golden chef 25kg,https://cdn.yellowmessenger.com/zMgMQGlVqVCg1591790800140.jpg,FORTUNE GLDNCHF ST RICE FG 1X25KG NW BAG,2125,,,2020-07-01T13:24:30.790Z,2020-07-01T13:24:30.790Z
fbr01hr0103b10v2,Bakery,Food,Basmati rice,Fortune golden chef 25kg,https://cdn.yellowmessenger.com/jrq1ohJt6f0Q1591791137922.jpg,FORTUNE GOLDEN CHEF ALA CARTE 1X25KG BAG,2125,,,2020-07-01T13:24:30.790Z,2020-07-01T13:24:30.790Z
fbr01hr0103b10v2,Retailers,Food,Basmati rice,Fortune golden chef 25kg,https://cdn.yellowmessenger.com/jrq1ohJt6f0Q1591791137922.jpg,FORTUNE GOLDEN CHEF ALA CARTE 1X25KG BAG,2125,,,2020-07-01T13:24:30.790Z,2020-07-01T13:24:30.790Z
fbr01hr0103b10v3,Bakery,Food,Basmati rice,Fortune golden chef 25kg,https://cdn.yellowmessenger.com/7JhIWkTjxNmM1591791300807.jpg,FORTUNE GOLDEN CHEF CELE 1X25KG BAG,2125,,,2020-07-01T13:24:30.790Z,2020-07-01T13:24:30.790Z
fbr01hr0103b10v3,Retailers,Food,Basmati rice,Fortune golden chef 25kg,https://cdn.yellowmessenger.com/7JhIWkTjxNmM1591791300807.jpg,FORTUNE GOLDEN CHEF CELE 1X25KG BAG,2125,,,2020-07-01T13:24:30.790Z,2020-07-01T13:24:30.790Z
eblen75j07,Individual,Oils,Groundnut activ oil,Fortune Groundnut active oil 5 lt,https://cdn.yellowmessenger.com/7OEnGojBa6LX1593064407807.jpg,FORTUNE GN ACTIV 4 X 5 LT JAR,,,,2020-07-01T13:24:30.790Z,2020-07-01T13:24:30.790Z
fbr01hr0102p07,Bakery,Food,Basmati rice,Fortune hamesha 5kg (4pc),https://cdn.yellowmessenger.com/S7Ao0bNOHmcD1591381153537.jpg,FORTUNE EVERYDAY HAMESHA ST 4X5 KG,1120,,,2020-07-01T13:24:30.790Z,2020-07-01T13:24:30.790Z
fbr01hr0102p07,Retailers,Food,Basmati rice,Fortune hamesha 5kg (4pc),https://cdn.yellowmessenger.com/S7Ao0bNOHmcD1591381153537.jpg,FORTUNE EVERYDAY HAMESHA ST 4X5 KG,1120,,,2020-07-01T13:24:30.790Z,2020-07-01T13:24:30.790Z
ekgmo01p03v2,Bakery,Oils,Kachi ghani mustard oil,Fortune kachi ghani mustard oil 1 lt (12 pch),https://d212y4fjk9i0rg.cloudfront.net/sites/default/files/02_0000_KGMO-new-1ltr-pouch-pack.png,FORTUNE KGMO 16 X 1 LT PCH,1877,,,2020-07-01T13:24:30.790Z,2020-07-01T13:24:30.790Z
ekgmo01p03v2,Retailers,Oils,Kachi ghani mustard oil,Fortune kachi ghani mustard oil 1 lt (12 pch),https://d212y4fjk9i0rg.cloudfront.net/sites/default/files/02_0000_KGMO-new-1ltr-pouch-pack.png,FORTUNE KGMO 16 X 1 LT PCH,1877,,,2020-07-01T13:24:30.790Z,2020-07-01T13:24:30.790Z
ekgmo01e03,Bakery,Oils,Kachi ghani mustard oil,Fortune kachi ghani mustard oil 1 lt (12 pet),"https://d212y4fjk9i0rg.cloudfront.net/sites/default/files/225x265_Products_0011_Kachi-ghani-new-1ltr-pet.png
",FORTUNE KGMO 12 X 1 LT PET,1458,2000,,2020-07-01T13:24:30.790Z,2020-07-01T13:24:30.790Z
ekgmo01e03,Retailers,Oils,Kachi ghani mustard oil,Fortune kachi ghani mustard oil 1 lt (12 pet),"https://d212y4fjk9i0rg.cloudfront.net/sites/default/files/225x265_Products_0011_Kachi-ghani-new-1ltr-pet.png
",FORTUNE KGMO 12 X 1 LT PET,1458,2000,,2020-07-01T13:24:30.790Z,2020-07-01T13:24:30.790Z
fbesa2013b10,Bakery,Food,Besan,Fortune matar besan 10 kg,0,SUPER FINE MATAR BESAN 1X10KG BAG,765,,,2020-07-01T13:24:30.790Z,2020-07-01T13:24:30.790Z
fbesa2013b10,Retailers,Food,Besan,Fortune matar besan 10 kg,0,SUPER FINE MATAR BESAN 1X10KG BAG,765,,,2020-07-01T13:24:30.790Z,2020-07-01T13:24:30.790Z
fatta5091p07w2,Individual,Food,Atta,Fortune regular chakki atta 1kg,https://www.adaniwilmar.com/-/media/project/wilmar/businesses/consumer-essentials/16.jpg?h=250&la=en&w=195&hash=6301293f968e06be983b6437ae65ef00,FORTUNE REGULAR CHAKKI ATTA 30X1KG W2,1050,,,2020-07-01T13:24:30.790Z,2020-07-01T13:24:30.790Z
fbr01du0102p07,Bakery,Food,Basmati rice,Fortune rozana rice 5kg (4pc),https://d212y4fjk9i0rg.cloudfront.net/sites/default/files/01_0006_Rozana-Basmati-Rice-New_FOP.png,FORTUNE EVERYDAY ROZANA STEAM 4X5 KG,1170,,,2020-07-01T13:24:30.790Z,2020-07-01T13:24:30.790Z
fbr01du0102p07,Retailers,Food,Basmati rice,Fortune rozana rice 5kg (4pc),https://d212y4fjk9i0rg.cloudfront.net/sites/default/files/01_0006_Rozana-Basmati-Rice-New_FOP.png,FORTUNE EVERYDAY ROZANA STEAM 4X5 KG,1170,,,2020-07-01T13:24:30.790Z,2020-07-01T13:24:30.790Z
fbr01bl0115p07,Bakery,Food,Basmati rice,Fortune rozana rice 5kg (4pc),https://d212y4fjk9i0rg.cloudfront.net/sites/default/files/01_0006_Rozana-Basmati-Rice-New_FOP.png,FORTUNE ROZANA ST RICE T/D  4X5KG PH CAR,1170,,,2020-07-01T13:24:30.790Z,2020-07-01T13:24:30.790Z
fbr01bl0115p07,Retailers,Food,Basmati rice,Fortune rozana rice 5kg (4pc),https://d212y4fjk9i0rg.cloudfront.net/sites/default/files/01_0006_Rozana-Basmati-Rice-New_FOP.png,FORTUNE ROZANA ST RICE T/D  4X5KG PH CAR,1170,,,2020-07-01T13:24:30.790Z,2020-07-01T13:24:30.790Z
ersfo01p03v2,Bakery,Oils,Sun flower oil,Fortune sun flower oil 1lt (16 pack),https://d212y4fjk9i0rg.cloudfront.net/sites/default/files/02_0008_Sun-Light_1Ltr_PCH_New-Pack.png,FORTUNE REF SF OIL 16 X 1 LT PCH,1786,,,2020-07-01T13:24:30.790Z,2020-07-01T13:24:30.790Z
ersfo01p03v2,Retailers,Oils,Sun flower oil,Fortune sun flower oil 1lt (16 pack),https://d212y4fjk9i0rg.cloudfront.net/sites/default/files/02_0008_Sun-Light_1Ltr_PCH_New-Pack.png,FORTUNE REF SF OIL 16 X 1 LT PCH,1786,,,2020-07-01T13:24:30.790Z,2020-07-01T13:24:30.790Z
fbr01hr0110p04,individual,Food,Basmati rice,Fortune super 25% extra 1.25Kg,https://d212y4fjk9i0rg.cloudfront.net/sites/default/files/01_0015_Super-1Kg-25%25-Extra-01-FOP_1.png,FORTUNE SUPER 25% BR RAW FG 20X1.25KG,,,,2020-07-01T13:24:30.790Z,2020-07-01T13:24:30.790Z
fbr01hr0110p07,Individual,Food,Basmati rice,Fortune super 25% extra 5 Kg,https://cdn.yellowmessenger.com/nJ6M1nfGpd881591792704028.JPG,FORTUNE SUPER 25% BR RAW FG 4X6.25KG,,542,,2020-07-01T13:24:30.790Z,2020-07-01T13:24:30.790Z
fbr02du0110p07,Individual,Food,Basmati rice,Fortune super dubar 5kg,https://cdn.yellowmessenger.com/nJ6M1nfGpd881591792704028.JPG,FORTUNE SUPER DUBAR RW BR 4X5KG,,,,2020-07-01T13:24:30.790Z,2020-07-01T13:24:30.790Z
eblen03p03v2,Individual,Oils,Blend,Fortune vivo blended 1 lt,https://cdn.yellowmessenger.com/DPja1o59cwp11592815776525.jpg,FORTUNE VIVO POUCH 12X1 LT Pch,,,,2020-07-01T13:24:30.790Z,2020-07-01T13:24:30.790Z
eblen03j07,Individual,Oils,Blend,Fortune vivo blended 5 lt,https://cdn.yellowmessenger.com/IYpKSEGeXCtV1592816392100.jpg,FORTUNE VIVO BLENDED OIL 4 X 5L JAR,,,,2020-07-01T13:24:30.790Z,2020-07-01T13:24:30.790Z
fnr02hr0126b07,Individual,Food,Non basmati,Fortune wada kolam raw - 5kg,https://cdn.yellowmessenger.com/vasfJxQRSkTc1591381944456.jpg,FORTUNE WADA KOLAM RAW - 4X5KG,,,,2020-07-01T13:24:30.790Z,2020-07-01T13:24:30.790Z
fnr02hr0137p02,Individual,Food,Ready to Cook,Gujrati khichdi 200g,https://d212y4fjk9i0rg.cloudfront.net/sites/default/files/Sunlite-5ltr-Jar-Fortfied-new_0004_Gujrati-khichdi_1.png,FOR SUPERFOOD GUJARATI KHICHDI 60X200G,,,,2020-07-01T13:24:30.790Z,2020-07-01T13:24:30.790Z
nsoapc01w0202b,Individual,Soap,Soap,Lily soap 100 gm,https://www.adaniwilmar.com/-/media/project/wilmar/businesses/consumer-essentials/lily-soap-ff.jpg?h=250&la=en&w=195&hash=c7e58f289090e9a0463cdd71978b5e47,LIFE LOVELY LILY SOAP 30X5X100G BUNDLE,,,,2020-07-01T13:24:30.790Z,2020-07-01T13:24:30.790Z
nsoapc01w01020,Restaurants,Soap,Soap,Lily soap 75g      (Bundle of 144),https://www.adaniwilmar.com/-/media/project/wilmar/businesses/consumer-essentials/lily-soap-ff.jpg?h=250&la=en&w=195&hash=c7e58f289090e9a0463cdd71978b5e47,ALIFE LOVELY LILY SOAP 4X36X75G BUNDLE,1728,,,2020-07-01T13:24:30.790Z,2020-07-01T13:24:30.790Z
nsoapc01w01020,Bakery,Soap,Soap,Lily soap 75g      (Bundle of 144),https://www.adaniwilmar.com/-/media/project/wilmar/businesses/consumer-essentials/lily-soap-ff.jpg?h=250&la=en&w=195&hash=c7e58f289090e9a0463cdd71978b5e47,ALIFE LOVELY LILY SOAP 4X36X75G BUNDLE,1728,,,2020-07-01T13:24:30.790Z,2020-07-01T13:24:30.790Z
nsoapc01w01020,Retailers,Soap,Soap,Lily soap 75g      (Bundle of 144),https://www.adaniwilmar.com/-/media/project/wilmar/businesses/consumer-essentials/lily-soap-ff.jpg?h=250&la=en&w=195&hash=c7e58f289090e9a0463cdd71978b5e47,ALIFE LOVELY LILY SOAP 4X36X75G BUNDLE,1728,,,2020-07-01T13:24:30.790Z,2020-07-01T13:24:30.790Z
nsoapc01w010201b,Individual,Soap,Soap,Lily soap 75g (Pack of 4),https://www.adaniwilmar.com/-/media/project/wilmar/businesses/consumer-essentials/lily-soap-ff.jpg?h=250&la=en&w=195&hash=c7e58f289090e9a0463cdd71978b5e47,ALIFE LOVELY LILY SOAP 4X36X75G BUNDLE,,,,2020-07-01T13:24:30.790Z,2020-07-01T13:24:30.790Z
nsoapc01w0201b,Individual,Soap,Soap,Lime soap 100 gm,"https://www.adaniwilmar.com/-/media/project/wilmar/businesses/consumer-essentials/lime-soap-ff.jpg?h=250&la=en&w=195&hash=b7a16858e4edd1f376b78908800d7cac
",ALIFE LIVELY LIME SOAP 30X5X100G BUNDLE,,,,2020-07-01T13:24:30.790Z,2020-07-01T13:24:30.790Z
nsoapc01w01010,Restaurants,Soap,Soap,Lime soap 75G    (Bundle of 144),"https://www.adaniwilmar.com/-/media/project/wilmar/businesses/consumer-essentials/lime-soap-ff.jpg?h=250&la=en&w=195&hash=b7a16858e4edd1f376b78908800d7cac
",ALIFE LIVELY LIME SOAP 4X36X75G BUNDLE,1728,,,2020-07-01T13:24:30.790Z,2020-07-01T13:24:30.790Z
nsoapc01w01010,Bakery,Soap,Soap,Lime soap 75G    (Bundle of 144),"https://www.adaniwilmar.com/-/media/project/wilmar/businesses/consumer-essentials/lime-soap-ff.jpg?h=250&la=en&w=195&hash=b7a16858e4edd1f376b78908800d7cac
",ALIFE LIVELY LIME SOAP 4X36X75G BUNDLE,1728,,,2020-07-01T13:24:30.790Z,2020-07-01T13:24:30.790Z
nsoapc01w01010,Retailers,Soap,Soap,Lime soap 75G    (Bundle of 144),"https://www.adaniwilmar.com/-/media/project/wilmar/businesses/consumer-essentials/lime-soap-ff.jpg?h=250&la=en&w=195&hash=b7a16858e4edd1f376b78908800d7cac
",ALIFE LIVELY LIME SOAP 4X36X75G BUNDLE,1728,,,2020-07-01T13:24:30.790Z,2020-07-01T13:24:30.790Z
nsoapc01w01010,Individual,Soap,Soap,Lime soap 75g (Pack of 4),"https://www.adaniwilmar.com/-/media/project/wilmar/businesses/consumer-essentials/lime-soap-ff.jpg?h=250&la=en&w=195&hash=b7a16858e4edd1f376b78908800d7cac
",ALIFE LIVELY LIME SOAP 4X36X75G BUNDLE,,,,2020-07-01T13:24:30.790Z,2020-07-01T13:24:30.790Z
nsoapc01w010101b,Individual,Soap,Soap,Lime soap 75g (Pack of 4),"https://www.adaniwilmar.com/-/media/project/wilmar/businesses/consumer-essentials/lime-soap-ff.jpg?h=250&la=en&w=195&hash=b7a16858e4edd1f376b78908800d7cac
",ALIFE LIVELY LIME SOAP 4X36X75G BUNDLE,,,,2020-07-01T13:24:30.790Z,2020-07-01T13:24:30.790Z
fmaid10201p06,Individual,Food,Flour,Maida 500g,https://www.adaniwilmar.com/-/media/Project/Wilmar/Businesses/consumer-essentials/fortune-maida.jpg?la=en&hash=140F584EF28664AB5C262F456747C0F6,FORTUNE MAIDA 20X500G W1,,,,2020-07-01T13:24:30.790Z,2020-07-01T13:24:30.790Z
fbr01hr0430p04,Individual,Food,Basmati rice,Punjab special 1kg,0,PSP 1121 BASMATI RICE - 20X1KG,,,,2020-07-01T13:24:30.790Z,2020-07-01T13:24:30.790Z
fbr01hr0433b10,Restaurants,Food,Basmati rice,Punjab special xxl 25kg,0,PSP XXL BASMATI RICE - 1X25KG,2125,,,2020-07-01T13:24:30.790Z,2020-07-01T13:24:30.790Z
fbr01hr0433b10,Bakery,Food,Basmati rice,Punjab special xxl 25kg,0,PSP XXL BASMATI RICE - 1X25KG,2125,,,2020-07-01T13:24:30.790Z,2020-07-01T13:24:30.790Z
fbr01hr0433b10,Retailers,Food,Basmati rice,Punjab special xxl 25kg,0,PSP XXL BASMATI RICE - 1X25KG,2125,,,2020-07-01T13:24:30.790Z,2020-07-01T13:24:30.790Z
fbr02a30109p02,Individual,Food,Ready to Cook,Punjabi khichdi 200g,https://d212y4fjk9i0rg.cloudfront.net/sites/default/files/Sunlite-5ltr-Jar-Fortfied-new_0002_Punjabi_1.png,FOR SUPERFOOD PUNJABI KHICHDI 60X200G,,,,2020-07-01T13:24:30.790Z,2020-07-01T13:24:30.790Z
evana16p03,Individual,Oils,Raag vanaspati,Raag vanaspati 1 ltr,https://www.adaniwilmar.com/-/media/project/wilmar/businesses/consumer-essentials/raag-vanaspati47a8.jpg?h=250&la=en&w=195&hash=4fa6062cb77c47c72447fba759e132fd,RAAG VANASPATI 16 X 1 LTR PCH,,,,2020-07-01T13:24:30.790Z,2020-07-01T13:24:30.790Z
evana16p01,Individual,Oils,Raag vanaspati,Raag vanaspati 200ml,https://www.adaniwilmar.com/-/media/project/wilmar/businesses/consumer-essentials/raag-vanaspati47a8.jpg?h=250&la=en&w=195&hash=4fa6062cb77c47c72447fba759e132fd,RAAG VANASPATI 60 X 200 ML PCH,,,,2020-07-01T13:24:30.790Z,2020-07-01T13:24:30.790Z
evana16p02,Individual,Oils,Raag vanaspati,Raag vanaspati 500ml,https://www.adaniwilmar.com/-/media/project/wilmar/businesses/consumer-essentials/raag-vanaspati47a8.jpg?h=250&la=en&w=195&hash=4fa6062cb77c47c72447fba759e132fd,RAAG VANASPATI 32 X 500 ML PCH,,,,2020-07-01T13:24:30.790Z,2020-07-01T13:24:30.790Z
frawa12211p06,Individual,Food,Flour,Rawa 500g,https://www.adaniwilmar.com/-/media/Project/Wilmar/Businesses/consumer-essentials/fortune-rawa.jpg?la=en&hash=B6D8D6E36F6F6168B99CD67DAC1C372A,FORTUNE RAWA 20X500G W1,,,,2020-07-01T13:24:30.790Z,2020-07-01T13:24:30.790Z
errbo01p03v1,Individual,Oils,Rice bran health oil,Rice bran health oil 12 1 litre Pouch,https://d212y4fjk9i0rg.cloudfront.net/sites/default/files/225x265_Products_0005_Fortune-Rice-Brand-Health-oil-1L.png,FORTUNE REF RICE BRAN OIL 12X1L PH-LM,,,,2020-07-01T13:24:30.790Z,2020-07-01T13:24:30.790Z
nsoapc01w0203b,Individual,Soap,Soap,Sandal soap 100 gm (Pack of 4),https://www.adaniwilmar.com/-/media/Project/Wilmar/Businesses/consumer-essentials/Sandal-Soap-ff.jpg?h=250&la=en&w=195&hash=90210E199EF87F9E3D773A6CCC9FB417,ALIFE SOOTHING SANDAL SOAP 30X5X100G BND,,,,2020-07-01T13:24:30.790Z,2020-07-01T13:24:30.790Z
nsoapc01w01030,Restaurants,Soap,Soap,Sandal soap 75g (Bundle of 144),"https://www.adaniwilmar.com/-/media/Project/Wilmar/Businesses/consumer-essentials/Sandal-Soap-ff.jpg?h=250&la=en&w=195&hash=90210E199EF87F9E3D773A6CCC9FB417
",ALIFE SOOTHING SANDAL 4X36X75G BUNDLE,1728,,,2020-07-01T13:24:30.790Z,2020-07-01T13:24:30.790Z
nsoapc01w01030,Bakery,Soap,Soap,Sandal soap 75g (Bundle of 144),"https://www.adaniwilmar.com/-/media/Project/Wilmar/Businesses/consumer-essentials/Sandal-Soap-ff.jpg?h=250&la=en&w=195&hash=90210E199EF87F9E3D773A6CCC9FB417
",ALIFE SOOTHING SANDAL 4X36X75G BUNDLE,1728,,,2020-07-01T13:24:30.790Z,2020-07-01T13:24:30.790Z
nsoapc01w01030,Retailers,Soap,Soap,Sandal soap 75g (Bundle of 144),"https://www.adaniwilmar.com/-/media/Project/Wilmar/Businesses/consumer-essentials/Sandal-Soap-ff.jpg?h=250&la=en&w=195&hash=90210E199EF87F9E3D773A6CCC9FB417
",ALIFE SOOTHING SANDAL 4X36X75G BUNDLE,1728,,,2020-07-01T13:24:30.790Z,2020-07-01T13:24:30.790Z
nsoapc01w010301b,Individual,Soap,Soap,Sandal soap 75g (Pack of 4),https://www.adaniwilmar.com/-/media/Project/Wilmar/Businesses/consumer-essentials/Sandal-Soap-ff.jpg?h=250&la=en&w=195&hash=90210E199EF87F9E3D773A6CCC9FB417,ALIFE SOOTHING SANDAL 4X36X75G BUNDLE,,,,2020-07-01T13:24:30.790Z,2020-07-01T13:24:30.790Z
fsuji11221p06,Individual,Food,Flour,Suji 500g,https://www.adaniwilmar.com/-/media/Project/Wilmar/Businesses/consumer-essentials/fortune-suji.jpg?la=en&hash=1DD2A1CA789BA0EACDB00FBFA48E62DA,FORTUNE SUJI 20X500G W1,,,,2020-07-01T13:24:30.790Z,2020-07-01T13:24:30.790Z
fbesa1013b11,Individual,Food,Besan,Fortune besan 1 KG,https://www.adaniwilmar.com/-/media/project/wilmar/businesses/consumer-essentials/fortunechanadal.jpg?h=250&la=en&w=195&hash=560320eae3db3a90db42c5625b916ec8,CHANA BESAN SF 1X20 KG BAG,,,,2020-07-01T13:24:30.790Z,2020-07-01T13:24:30.790Z
nsoapc01w01030,Individual,Soap,Soap,Sandal soap 75g (Bundle of 4),https://www.adaniwilmar.com/-/media/Project/Wilmar/Businesses/consumer-essentials/Sandal-Soap-ff.jpg?h=250&la=en&w=195&hash=90210E199EF87F9E3D773A6CCC9FB417,ALIFE SOOTHING SANDAL 4X36X75G BUNDLE,,,,2020-07-01T13:24:30.790Z,2020-07-01T13:24:30.790Z
fpuls13121p06,Individual,Food,Pulses,UNPOLISHED CHANA DAL 500 Gm,https://d212y4fjk9i0rg.cloudfront.net/sites/default/files/500gm_ChanaDal_Front_1.png,FORTUNE UNPOLISHED CHANA DAL 20X500G,,,,2020-07-01T13:24:30.790Z,2020-07-01T13:24:30.790Z
errbo01j08v1,Individual,Oils,Rice bran health oil,Fortune rice bran health oil 15lt jar,https://d212y4fjk9i0rg.cloudfront.net/sites/default/files/fortune%20%281%29.png,,,,,2020-07-01T13:24:30.790Z,2020-07-01T13:24:30.790Z
fbr01hr0108b07,Individual,Food,Basmati rice,JUBILEE REG. LONG RICE BAG,https://cdn.yellowmessenger.com/DjxUgJ7RbUNB1593013778630.jpg,,,,,2020-07-01T13:24:30.790Z,2020-07-01T13:24:30.790Z